,,1,2,3,4,5,6,7,,,,,1,2,3,4,5,6,7,8,9,10,11,12,13,14,15,16,17,18,19,,,1,2,,,,1,2,3,4,5,6,7,8,9
,Hedera helix L.,4,5,3,3,4,3,3,,,,Quercus robur L.,4,5,5,5,4,4,r,4,3,5,4,5,4,+,+,3,3,4,2,,Quercus robur L.,3,4,,,Quercus robur L.,5,4,4,1,4,2,1,2,1
,Lonicera periclymenum L.,1,2,1,2,1,2,1,,,,Ruscus aculeatus L.,3,2,+,+,1,3,+,1,.,+,2,+,+,1,.,1,1,2,2,,Castanea sativa Mill.,3,1,,,Linaria triornithophora (L.) Willd.,+,+,+,.,.,.,.,.,.
,Rubia peregrina L.,1,3,1,1,1,1,.,,,,Lonicera periclymenum L.,1,1,1,+,1,1,1,2,1,.,1,+,1,2,1,1,+,1,.,,Betula pubescens Ehrh. [sub],2,.,,,Prunus lusitanica L.,.,.,.,.,.,.,2,2,.
,Ruscus aculeatus L.,1,1,2,+,1,1,.,,,,Teucrium scorodonia L.,1,+,1,+,1,+,1,2,1,1,+,.,1,1,.,1,1,.,1,,Quercus pyrenaica Willd.,.,.,,,Platanthera bifolia (L.) Rich.,+,.,.,.,.,.,.,.,.
,Laurus nobilis L.,3,4,2,3,3,3,1,,,,Holcus mollis L.,1,1,1,.,1,.,3,2,+,1,1,2,2,4,.,.,+,+,1,,Quercus Xrobur_X_pyrenaica,.,.,,,Selinum broteri Hoffmanns. & Link,+,.,.,.,.,.,.,.,.
,Quercus robur L.,.,4,4,5,4,5,r,,,,Hedera helix L.,1,.,2,+,2,2,.,3,1,.,3,3,.,2,.,4,1,4,2,,Rubus ulmifolius Schott,2,+,,,Physospermum aquilegifolium,3,.,.,1,.,(+),.,+,.
,Crataegus monogyna Jacq.,1,1,.,1,2,1,.,,,,Castanea sativa Mill.,+,.,+,.,1,2,+,1,+,+,+,+,+,.,.,1,.,3,.,,Hedera helix L.,2,+,,,Genista falcata Brot.,+,.,.,.,+,.,2,.,+
,Primula acaulis (L.) L.,.,.,+,+,+,.,1,,,,Quercus pyrenaica Willd.,.,.,+,1,2,1,5,3,4,+,.,.,+,5,2,2,.,.,.,,Pteridium aquilinum (L.) Kuhn in Kerst.,2,+,,,Pyrus communis L.,.,.,.,1,r,(+),+,.,.
,Tamus communis L.,.,2,1,1,2,2,1,,,,Asplenium onopteris L.,+,.,+,+,1,.,.,1,+,.,.,.,.,1,.,+,+,1,+,,Stellaria holostea L.,.,.,,,Cirsium filipendulum Lange [sub],+,.,.,.,r,.,+,.,.
,Alnus glutinosa (L.) Gaertn.,.,.,1,.,1,.,4,,,,Tamus communis L.,+,+,+,.,.,+,.,.,+,.,.,.,.,+,.,+,r,2,1,,Holcus mollis L.,2,.,,,Omphalodes nitida (Willd.) Hoffmanns & Link,+,.,.,.,.,.,+,.,.
,Salix atrocinerea Brot.,.,1,1,.,.,.,3,,,,Laurus nobilis L.,2,.,1,.,.,+,.,.,.,.,+,1,.,2,.,1,1,+,.,,Agrostis sp.,2,2,,,Aquilegia vulgaris L. subsp. dichroa (Freyn) T.E. Díaz [sub],.,(+),.,.,.,.,(+),.,.
,Teucrium scorodonia L.,.,+,.,2,+,.,.,,,,Hypericum pulchrum L.,1,1,+,1,+,.,.,+,.,.,.,.,1,.,+,r,.,.,.,,Erica arborea L.,1,r,,,Luzula sylvatica (Huds.) Gaudin subsp. henriquesii (Degen) P.Silva,.,.,.,.,.,.,2,.,.
,Viola sylvestris Lam. subsp. riviniana (Rchb.) Tourlet [sub],.,+,.,.,2,.,+,,,,Frangula alnus Mill.,+,1,.,+,1,+,.,1,.,+,.,.,.,.,.,+,.,.,.,,Teucrium scorodonia L.,r,1,,,Anemone trifolia L. subsp. albida (Mariz) Ulbr.,2,.,.,.,.,.,.,.,.
,Iris foetidissima L.,.,+,+,.,.,.,.,,,,Physospermum cornubiense (L.) DC.,1,1,.,.,.,1,.,.,+,+,.,.,.,.,+,r,.,.,1,,Lonicera periclymenum L. [sub],+,+,,,Viola sylvestris Lam. subsp. riviniana (Rchb.) Tourlet [sub],2,1,2,(+),2,(+),.,2,.
,Polystichum setiferum (Forssk.) Woyn.,.,.,.,.,+,.,1,,,,Prunus avium L.,.,.,+,+,.,.,.,.,+,.,.,.,.,+,.,+,.,+,.,,Dactylis glomerata L.,.,.,,,Quercus pyrenaica Willd.,.,1,2,.,.,.,+,+,.
,Sambucus nigra L.,.,+,.,.,.,.,1,,,,Euphorbia amygdaloides L.,1,1,.,+,.,.,.,.,r,.,.,+,.,.,.,.,.,.,.,,Carex sp.,2,1,,,Ilex aquifolium L.,.,.,.,+,+,2,.,2,.
,Arum italicum Mill.,.,1,.,.,.,+,.,,,,Crataegus monogyna Jacq.,1,.,.,.,.,+,.,.,+,.,.,.,.,.,.,.,.,1,.,,Cytisus scoparius (L.) Link,.,r,,,Polygonatum odoratum (Mill.) Druce,+,.,+,.,.,1,.,.,.
,Oenanthe crocata L.,.,.,.,.,.,+,1,,,,Luzula forsteri (Sm.) DC. in Lam. & DC.,.,1,.,.,.,.,.,.,.,+,+,+,.,.,.,.,.,.,.,,Pyrus cordata Desv.,1,.,,,Clinopodium vulgare L. [sub],+,+,+,.,.,.,.,.,.
,Dryopteris dilatata (Hoffm.) A. Gray,.,.,.,.,+,.,+,,,,Ilex aquifolium L.,.,.,.,.,.,.,.,.,.,.,1,+,+,.,.,.,.,.,.,,Hypericum pulchrum L.,r,.,,,Stellaria holostea L.,.,2,.,2,.,.,.,.,.
,Asplenium scolopendrium L. [sub],.,+,.,.,+,.,.,,,,Stellaria holostea L.,.,.,+,.,.,.,.,.,.,.,r,+,.,.,.,.,.,.,.,,Ruscus aculeatus L.,.,.,,,Arenaria montana L. subsp. intricata (Ser.) Pau [sub],.,2,2,.,.,.,.,.,.
,Quercus pyrenaica Willd.,5,.,.,.,.,.,.,,,,Polygonatum odoratum (Mill.) Druce,+,+,.,.,.,1,.,.,.,.,.,.,.,.,.,.,.,.,.,,Digitalis purpurea L.,.,1,,,Crepis lampsanoides (Gouan) Tausch,.,1,.,.,r,.,.,.,.
,Brachypodium sylvaticum (Huds.) P. Beauv.,.,2,.,.,.,.,.,,,,Fraxinus angustifolia Vahl,r,.,.,.,.,.,.,.,+,.,.,.,.,+,.,.,.,.,.,,Frangula alnus Mill.,1,.,,,Euphorbia amygdaloides L.,+,.,+,.,.,.,.,.,.
,Smilax aspera L.,1,.,.,.,.,.,.,,,,Linaria triornithophora (L.) Willd.,.,.,.,.,.,.,+,+,.,.,.,.,.,+,.,.,.,.,.,,Cytisus striatus (Hill) Rothm.,1,r,,,Scilla verna Huds.,.,.,.,+,.,.,.,.,.
,Betula pubescens Ehrh. [sub],.,.,1,.,.,.,.,,,,Viola sylvestris Lam. subsp. riviniana (Rchb.) Tourlet [sub],+,.,.,.,.,.,+,.,.,.,.,.,.,.,.,.,.,.,.,,Arenaria montana L. subsp. intricata (Ser.) Pau [sub],+,r,,,Silene nutans L.,.,.,+,.,.,.,.,.,.
,Ajuga reptans L.,.,.,1,.,.,.,.,,,,Pyrus cordata Desv.,+,.,.,.,.,.,.,.,.,.,.,.,.,.,.,.,+,.,.,,Potentilla erecta (L.) Raeusch. [sub],+,.,,,Euphorbia dulcis L.,.,+,.,.,.,.,.,.,.
,Holcus mollis L.,.,.,.,1,.,.,.,,,,Clinopodium vulgare L.,.,.,.,+,.,.,1,.,.,.,.,.,.,.,.,.,.,.,.,,Viola sp.,+,.,,,Galium rotundifolium L.,.,.,.,.,.,.,.,+,.
,Lythrum salicaria L.,.,.,.,.,.,.,2,,,,Arbutus unedo L.,+,3,+,1,3,3,1,3,.,+,3,2,1,1,2,4,3,2,2,,Dryopteris sp.,.,.,,,Veronica chamaedrys L.,.,.,.,(+),.,.,.,.,.
,Carex paniculata L. subsp. lusitanica (Schkuhr) Maire [sub],.,.,.,.,.,.,1,,,,Quercus suber L.,.,.,.,.,.,.,.,.,1,1,r,r,2,+,3,1,+,1,3,,Prunella grandiflora (L.) Scholler,.,.,,,Pteridium aquilinum (L.) Kuhn in Kerst.,1,2,+,+,2,.,1,+,1
,Phalaris arundinacea L.,.,.,.,.,.,.,1,,,,Rubia peregrina L.,1,.,.,.,.,.,.,.,1,.,+,+,.,.,.,+,1,2,2,,Blechnum spicant (L.) Roth,.,.,,,Lonicera periclymenum L.,+,2,2,2,+,1,2,.,.
,Polypodium vulgare L.,+,.,.,.,.,.,.,,,,Osyris alba L.,.,.,.,.,.,.,+,.,.,.,.,.,.,1,.,.,.,+,1,,Cruciata glabra (L.) Ehrend.,.,.,,,Teucrium scorodonia L.,+,2,2,2,2,+,2,.,.
,Osmunda regalis L.,.,.,+,.,.,.,.,,,,Daphne gnidium L.,.,.,.,.,.,.,.,.,+,.,.,+,r,.,.,.,.,.,.,,Veronica montana L.,.,.,,,Castanea sativa Mill.,+,+,.,+,.,.,+,2,.
,Pulmonaria longifolia (Bast.) Boreau,.,.,+,.,.,.,.,,,,Carex distachya Desf.,.,.,.,.,.,.,.,.,.,.,.,.,.,+,.,.,.,.,+,,Melampyrum pratense L.,.,.,,,Hypericum pulchrum L.,+,.,+,1,.,.,.,.,.
,Arenaria montana L. subsp. intricata (Ser.) Pau [sub],.,.,.,+,.,.,.,,,,Pteridium aquilinum (L.) Kuhn in Kerst.,1,3,3,2,1,2,4,2,1,4,1,3,4,1,3,3,1,.,1,,Cirsium filipendulum Lange,.,.,,,Holcus mollis L.,+,.,.,2,.,.,.,.,.
,Carex remota L.,.,.,.,.,.,.,+,,,,Rubus sp.,+,2,3,4,.,+,2,.,3,.,.,.,1,1,1,2,r,1,.,,Polypodium interjectum Shivas,.,.,,,Hieracium sabaudum subsp. obliquum,.,1,.,.,.,+,.,.,.
,Iris pseudacorus L.,.,.,.,.,.,.,+,,,,Arenaria montana L. subsp. intricata (Ser.) Pau [sub],.,.,+,1,+,.,1,+,+,1,.,1,.,1,1,.,+,.,+,,Rumex acetosa L.,.,.,,,Veronica officinalis L.,.,.,.,.,.,(+),.,+,.
,Peucedanum lancifolium Hoffmanns. & Link ex Lange,.,.,.,.,.,.,+,,,,Polypodium gr. vulgare L. [sub],.,.,.,.,1,+,.,1,1,+,+,+,.,1,.,1,1,.,+,,Silene vulgaris (Moench) Garcke subsp. vulgaris [sub],.,.,,m,Mnium hornum,.,3,.,.,.,.,.,.,.
,Athyrium filix-femina (L.) Roth,.,.,.,.,.,.,+,,,,Brachypodium pinnatum (L.) P. Beauv. subsp. rupestre (Host) Schübl. & G.Martens [sub],2,+,1,.,.,.,.,.,3,+,1,+,3,1,.,.,.,+,2,,Oxalis acetosella L.,.,.,,,Melampyrum pratense L.,.,.,.,1,.,.,.,.,.
,Eupatorium cannabinum L.,.,.,.,.,.,.,+,,,,Lithodora prostrata (Loisel.) Griseb.,.,.,+,.,+,.,.,+,+,1,.,+,1,1,1,.,.,+,.,,Genista florida L. [sub],r,.,,,Avenella flexuosa (L.) Drejer [sub],.,.,.,.,.,2,.,.,.
,Lycopus europaeus L.,.,.,.,.,.,.,+,,,,Digitalis purpurea L.,+,1,+,+,+,.,.,.,.,+,.,.,.,+,.,.,+,.,.,,Luzula campestris (L.) DC.,r,.,,,Carex pilulifera L.,.,.,.,2,.,.,.,.,.
,Brachypodium pinnatum (L.) P. Beauv. subsp. rupestre (Host) Schübl. & G.Martens [sub],1,r,1,2,+,1,3,,,,Anthoxanthum odoratum L.,+,1,.,.,.,.,1,+,.,.,1,+,1,1,.,.,.,.,.,,Ulex europaeus L.,r,.,,,Hieracium vulgatum Fr.,.,.,+,.,.,.,.,.,.
,Parietaria judaica L.,1,.,.,.,+,.,.,,,,Erica arborea L.,.,+,.,.,1,.,.,1,.,+,r,.,.,.,.,.,r,+,.,,Orobanche sp.,r,.,,,Ceratocapnos claviculata (L.) Lidén [sub],.,(+),.,.,.,.,.,.,.
,Rumex acetosa L. subsp. biformis (Lange) Castrov. & Valdés Berm.,.,.,.,+,1,+,+,,,,Pseudarrhenatherum longifolium (Thore) Rouy,.,.,.,.,.,.,.,+,+,2,.,.,+,.,4,.,+,.,1,,Pinus radiata D. Don [sub],r,.,,,Dactylis glomerata L. subsp. glomerata,2,2,.,(+),2,.,.,.,.
,Atriplex prostrata Boucher ex DC. in Lam. & DC.,.,.,.,.,+,.,+,,,,Rumex acetosa L.,.,+,.,+,+,.,.,+,.,.,.,+,.,+,.,.,r,.,.,,Anthoxanthum amarum Brot.,.,1,,,Pseudarrhenatherum longifolium (Thore) Rouy [sub],+,(+),+,.,2,.,.,.,.
,Asparagus aphyllus L.,.,.,.,+,.,1,.,,,,Cytisus scoparius (L.) Link,.,+,1,+,.,.,1,.,+,1,.,.,.,.,.,.,.,.,.,,Picris hieracioides L.,.,r,,,Anthoxanthum odoratum L.,2,.,.,1,1,.,.,.,.
,Festuca rubra L. subsp. pruinosa (Hack.) Piper,1,.,.,.,.,r,.,,,,Asphodelus albus Mill.,.,.,2,.,.,+,.,.,2,.,.,.,3,.,.,.,.,.,+,,Jasione montana L.,.,r,,,Bellis perennis L.,+,+,+,.,.,.,.,.,.
,Pulicaria odora (L.) Rchb.,.,.,.,1,.,.,.,,,,Simethis mattiazzii (Vand.) G. López & Ch.E. Jarvis,.,.,.,.,.,.,.,+,+,.,.,.,1,.,.,.,.,.,.,,Euphorbia hyberna L. [sub],.,+,,,Picris hieracioides L.,+,+,+,.,.,.,.,.,.
,Silene uniflora Roth,.,.,.,.,.,1,.,,,,Daboecia cantabrica (Huds.) K. Koch,.,.,.,.,.,.,.,+,.,.,.,.,.,+,+,.,.,.,.,,Dryopteris filix-mas (L.) Schott,.,r,,,Viburnum tinus L.,.,.,.,.,.,+,2,2,1
,Halimione portulacoides (L.) Aellen,+,.,.,.,.,.,.,,,,Calluna vulgaris (L.) Hull,.,.,.,.,.,.,.,+,.,.,.,.,.,+,.,.,.,.,.,,,,,,,Arbutus unedo L.,.,.,.,.,.,2,.,2,1
,Leucanthemum vulgare Lam. subsp. crassifolium (Lange) Rouy [sub],.,.,.,+,.,.,.,,,,¿ Ulex minor Roth [sub],.,.,.,.,.,.,.,.,.,.,.,.,r,.,2,.,.,.,.,,,,,,,Phillyrea latifolia L. [sub],.,.,.,.,.,+,+,.,(+)
,Crithmum maritimum L.,.,.,.,.,.,+,.,,,,Rosa canina L.,.,.,.,.,.,.,.,.,+,.,.,.,.,+,.,.,.,.,.,,,,,,,Rubia peregrina L.,.,.,.,.,.,(+),r,(+),.
,Armeria pubigera (Desf.) Boiss.,.,.,.,.,.,.,+,,,,Hieracium gr. umbellatum L. [sub],.,.,.,+,.,.,.,.,.,.,.,.,.,+,.,.,.,.,.,,,,,,,Laurus nobilis L.,.,.,.,.,.,(+),.,+,.
,Beta maritima L.,.,.,.,.,.,.,+,,,,Pinus pinaster Aiton,.,.,.,+,.,.,.,.,+,.,.,.,.,.,.,.,.,.,.,,,,,,,Ruscus aculeatus L.,2,2,2,.,r,2,2,2,2
,Pteridium aquilinum (L.) Kuhn in Kerst.,1,1,+,1,1,1,.,,,,Euphorbia hyberna L.,r,.,.,.,.,.,.,.,.,.,.,.,.,.,.,.,.,.,.,,,,,,,Hedera canariensis Willd. [sub],2,.,2,2,2,2,2,2,.
,Rubus sp.,.,1,1,1,+,.,1,,,,Primula acaulis (L.) L. [sub],r,.,.,.,.,.,.,.,.,.,.,.,.,.,.,.,.,.,.,,,,,,,Agrostis castellana Boiss. & Reut.,2,2,2,.,2,.,(+),2,2
,Dactylis glomerata L.,.,+,1,1,+,+,+,,,,Euphorbia dulcis L.,+,.,.,.,.,.,.,.,.,.,.,.,.,.,.,.,.,.,.,,,,,,,Digitalis purpurea L.,.,.,+,(+),+,+,+,+,+
,Asplenium onopteris L.,+,+,1,.,.,+,.,,,,Polystichum setiferum (Forssk.) Woyn.,1,.,.,.,.,.,.,.,.,.,.,.,.,.,.,.,.,.,.,,,,,,,Rubus sp.,.,2,.,2,2,.,2,2,2
,Anarrhinum bellidifolium (L.) Willd.,.,.,.,1,+,+,.,,,,Corylus avellana L.,2,.,.,.,.,.,.,.,.,.,.,.,.,.,.,.,.,.,.,,,,,,,Daphne gnidium L.,+,.,+,.,+,.,+,.,+
,Asplenium adiantum-nigrum L.,.,.,.,+,1,1,.,,,,Fragaria vesca L.,.,.,r,.,.,.,.,.,.,.,.,.,.,.,.,.,.,.,.,,,,,,,Asplenium onopteris L. [sub],.,2,2,.,(+),2,2,2,.
,Angelica sylvestris L.,.,.,.,.,+,.,1,,,,Omphalodes nitida (Willd.) Hoffmanns & Link,.,.,+,.,.,.,.,.,.,.,.,.,.,.,.,.,.,.,.,,,,,,,Pinus pinaster Aiton,1,.,r,.,+,.,r,r,1
,Calystegia sepium (L.) R. Br.,.,.,.,.,1,.,+,,,,Dryopteris affinis (Lowe) Fraser-Jenk.,.,.,.,+,.,.,.,.,.,.,.,.,.,.,.,.,.,.,.,,,,,,,Luzula forsteri (Sm.) DC. in Lam. & DC.,+,2,+,.,.,(+),(+),(+),.
,Helichrysum foetidum (L.) Cass.,.,.,.,+,.,.,+,,,,Crepis lampsanoides (Gouan) Tausch,.,.,.,.,.,.,.,.,.,.,.,1,.,.,.,.,.,.,.,,,,,,,Ulex minor Roth,+,+,+,.,2,.,(+),.,.
,Silene latifolia Poir.,.,.,.,+,+,.,.,,,,¿ Rosa deseglisei Boreau [sub],.,.,.,.,.,.,.,.,.,.,.,.,.,.,.,.,.,1,.,,,,,,,Polypodium cambricum L. subsp. cambricum [sub],.,+,(+),.,.,+,(+),+,.
,Picris hieracioides L.,.,.,.,+,.,.,+,,,,Picris hieracioides L.,+,.,.,.,.,.,.,.,.,.,.,.,.,.,.,.,.,.,.,,,,,,,Cytisus grandiflorus (Brot.) DC. [sub],.,+,2,1,.,.,+,.,.
,Geranium robertianum L.,.,.,.,.,.,+,+,,,,Eupatorium cannabinum L.,r,.,.,.,.,.,.,.,.,.,.,.,.,.,.,.,.,.,.,,,,,,,Tamus communis L.,+,1,+,.,.,+,.,.,.
,Rhamnus alaternus L.,1,.,.,.,.,.,.,,,,Robinia pseudoacacia L.,.,.,+,.,.,.,.,.,.,.,.,.,.,.,.,.,.,.,.,,,,,,,Simethis mattiazzii (Vand.) G. López & Ch.E. Jarvis [sub],+,.,.,+,2,r,.,.,.
p,Prunus spinosa L.,.,+,.,.,.,.,.,,,,¿ Carex pilulifera L. [sub],.,.,.,+,.,.,.,.,.,.,.,.,.,.,.,.,.,.,.,,,,,,,Jasione montana L.,.,+,+,.,+,.,.,.,+
,Umbilicus rupestris (Salisb.) Dandy in Ridd. & al.,.,.,+,.,.,.,.,,,,Cytisus striatus (Hill) Rothm.,.,.,.,+,.,.,.,.,.,.,.,.,.,.,.,.,.,.,.,,,,,,,Rumex papillaris Boiss. & Reut.,+,1,+,.,.,.,(+),.,.
,Pyrus cordata Desv.,.,.,.,+,.,.,.,,,,Prunella vulgaris L.,.,.,.,+,.,.,.,.,.,.,.,.,.,.,.,.,.,.,.,,,,,,,Andryala integrifolia L.,.,+,(+),.,+,.,.,.,+
,Erica arborea L.,.,.,.,+,.,.,.,,,,Dactylis glomerata L.,.,.,.,1,.,.,.,.,.,.,.,.,.,.,.,.,.,.,.,,,,,,,Frangula alnus Mill.,+,.,.,1,.,.,+,.,.
,Cytisus scoparius (L.) Link,.,.,.,+,.,.,.,,,,Agrostis capillaris L.,.,.,.,.,.,.,1,.,.,.,.,.,.,.,.,.,.,.,.,,,,,,,Calluna vulgaris (L.) Hull,.,.,+,.,+,.,.,.,2
,Canna indica L.,.,.,.,.,1,.,.,,,,Genista florida L. [sub],.,.,.,.,.,.,.,+,.,.,.,.,.,.,.,.,.,.,.,,,,,,,Crataegus monogyna Jacq.,.,.,+,.,.,.,2,.,+
,Linaria triornithophora (L.) Willd.,.,.,.,.,1,.,.,,,,Agrostis curtisii Kerguélen,.,.,.,.,.,.,.,1,.,.,.,.,.,.,.,.,.,.,.,,,,,,,Hypochaeris radicata L.,.,+,2,.,.,+,.,.,.
,Circaea lutetiana L.,.,.,.,.,1,.,.,,,,Umbilicus rupestris (Salisb.) Dandy in Ridd. & al.,.,.,.,.,.,.,.,.,+,.,.,.,.,.,.,.,.,.,.,,,,,,,Potentilla erecta (L.) Raeusch.,+,.,.,1,+,.,.,.,.
,Danthonia decumbens (L.) DC. in Lam. & DC.,.,.,.,.,1,.,.,,,,Ulex europaeus L.,.,.,.,.,.,.,.,.,1,.,.,.,.,.,.,.,.,.,.,,,,,,,Polystichum setiferum (Forssk.) Woyn.,.,+,.,.,.,.,+,+,.
,Digitalis purpurea L.,.,.,.,.,1,.,.,,,,Erica scoparia L.,.,.,.,.,.,.,.,.,1,.,.,.,.,.,.,.,.,.,.,,,,,,,Lithodora diffusa (Lag.) I. M. Johnston [sub],.,.,.,r,+,.,.,.,+
,Lamium maculatum L.,.,.,.,.,1,.,.,,,,Potentilla erecta (L.) Raeusch.,.,.,.,.,.,.,.,.,.,.,.,.,+,.,.,.,.,.,.,,,,,,,Lotus corniculatus L.,.,r,+,.,.,.,.,.,+
,Davallia canariensis (L.) Sm.,.,.,.,.,1,.,.,,,,Campanula lusitanica L. in Loefl.,.,.,.,.,.,.,.,.,.,.,.,.,.,+,.,.,.,.,.,,,,,,,Quercus suber L.,(+),.,.,.,+,.,.,.,+
,Frangula alnus Mill.,.,.,.,.,.,+,.,,,,Melica minuta L.,.,.,.,.,.,.,.,.,.,.,.,.,.,+,.,.,.,.,.,,,,,,,Brachypodium phoenicoides (L.) Roem. & Schult.,2,.,.,.,.,.,.,.,2
,Leontodon taraxacoides (Vill.) Mérat,.,.,.,.,.,+,.,,,,Ulex gallii Planch.,.,.,.,.,.,.,.,.,.,.,.,.,.,+,.,.,.,.,.,,,,,,,Danthonia decumbens (L.) DC. in Lam. & DC. subsp. decumbens [sub],2,.,.,.,+,.,.,.,.
,Vicia angustifolia L. [sub],.,.,.,.,.,+,.,,,,Geranium robertianum L.,.,.,.,.,.,.,.,.,.,.,.,.,.,1,.,.,.,.,.,,,,,,,Anthoxanthum amarum Brot.,.,2,.,.,r,.,.,.,.
,Arisarum vulgare Targ.-Tozz.,.,.,.,.,.,+,.,,,,,,,,,,,,,,,,,,,,,,,,,,,,,,Dryopteris affinis (Lowe) Fraser-Jenk. subsp. borreri (Newman) Fraser-Jenk. [sub],.,.,.,.,.,.,2,+,.
,Carex pilulifera L.,.,.,.,.,.,1,.,,,,,,,,,,,,,,,,,,,,,,,,,,,,,,Hypericum linariifolium Vahl [sub],.,2,.,.,.,.,.,.,+
,Pinus pinaster Aiton,.,.,.,.,.,1,.,,,,,,,,,,,,,,,,,,,,,,,,,,,,,,Corylus avellana L.,.,.,.,.,.,.,2,2,.
,Polypodium cambricum L.,.,.,.,.,.,1,.,,,,,,,,,,,,,,,,,,,,,,,,,,,,,,Brachypodium sylvaticum (Huds.) P. Beauv. [sub],.,.,+,.,+,.,.,.,.
,Oxalis pes-caprea,.,.,.,.,.,1,.,,,,,,,,,,,,,,,,,,,,,,,,,,,,,,Lobelia urens L.,+,.,.,.,+,.,.,.,.
,Arundo donax L.,.,.,.,.,.,.,2,,,,,,,,,,,,,,,,,,,,,,,,,,,,,,Thapsia villosa L.,.,.,+,.,.,.,.,.,+
,Agrostis stolonifera L.,.,.,.,.,.,.,1,,,,,,,,,,,,,,,,,,,,,,,,,,,,,,Hyacinthoides hispanica (Mill.) Rothm. [sub],1,.,.,.,.,(+),.,.,.
,Hypericum androsaemum L.,.,.,.,.,.,.,r,,,,,,,,,,,,,,,,,,,,,,,,,,,,,,Plantago lanceolata L.,(+),r,.,.,.,.,.,.,.
,Bryonia dioica Jacq.,.,.,.,.,.,.,+,,,,,,,,,,,,,,,,,,,,,,,,,,,,,,Carex depressa Link,.,.,.,.,.,(+),(+),.,.
,Fragaria vesca L.,.,.,.,.,.,.,+,,,,,,,,,,,,,,,,,,,,,,,,,,,,,,"Ranunculus paludosus Poir. subsp. gregarius (Brot.) Z. Díaz, comb. nova [sub]",.,(+),(+),.,.,.,.,.,.
,Holcus lanatus L.,.,.,.,.,.,.,+,,,,,,,,,,,,,,,,,,,,,,,,,,,,,,Scilla monophyllos Link,.,(+),.,.,.,(+),.,.,.
,Rumex conglomeratus Murray,.,.,.,.,.,.,+,,,,,,,,,,,,,,,,,,,,,,,,,,,,,m,Mousses sp.,.,.,.,.,.,4,x,.,.
,Tradescantia fluminensis Vell.,.,.,.,.,.,.,+,,,,,,,,,,,,,,,,,,,,,,,,,,,,,m,Scleropodium purum,.,.,+,2,.,+,.,.,.
,,,,,,,,,,,,,,,,,,,,,,,,,,,,,,,,,,,,,m,Thuidium tamariscinum,.,.,.,+,.,+,.,.,.
,,,,,,,,,,,,,,,,,,,,,,,,,,,,,,,,,,,,,m,Polytrichum formosum,.,.,+,.,.,+,.,.,.
,,,,,,,,,,,,,,,,,,,,,,,,,,,,,,,,,,,,,,Acer monspessulanum L.,.,.,.,.,.,.,+,.,.
,,,,,,,,,,,,,,,,,,,,,,,,,,,,,,,,,,,,,,Adenocarpus complicatus (L.) J. Gay in Durieu,.,.,+,.,.,.,.,.,.
,,,,,,,,,,,,,,,,,,,,,,,,,,,,,,,,,,,,,,Agrostis setarea,.,.,.,.,2,.,.,.,.
,,,,,,,,,,,,,,,,,,,,,,,,,,,,,,,,,,,,,,Aira caryophyllea L.,.,.,.,.,.,.,.,.,+
,,,,,,,,,,,,,,,,,,,,,,,,,,,,,,,,,,,,,,Airopsis tenella (Cav.) Asch. & Graebn.,.,.,.,.,.,.,.,.,+
,,,,,,,,,,,,,,,,,,,,,,,,,,,,,,,,,,,,,,Ajuga reptans L.,.,.,.,+,.,.,.,.,.
,,,,,,,,,,,,,,,,,,,,,,,,,,,,,,,,,,,,,,Alnus glutinosa (L.) Gaertn.,.,.,.,.,.,.,+,.,.
,,,,,,,,,,,,,,,,,,,,,,,,,,,,,,,,,,,,,,Anarrhinum bellidifolium (L.) Willd.,.,.,.,.,.,.,.,.,+
,,,,,,,,,,,,,,,,,,,,,,,,,,,,,,,,,,,,,,Lepidophorum repandum (L.) DC. [sub],.,.,.,.,+,.,.,.,.
,,,,,,,,,,,,,,,,,,,,,,,,,,,,,,,,,,,,,,Aristolochia paucinervis Pomel [sub],+,.,.,.,.,.,.,.,.
,,,,,,,,,,,,,,,,,,,,,,,,,,,,,,,,,,,,,,¿ Asphodelus albus Mill. [sub],.,.,.,.,.,+,.,.,.
,,,,,,,,,,,,,,,,,,,,,,,,,,,,,,,,,,,,,,Asphodelus lusitanicus Cout.,.,.,.,1,.,.,.,.,.
,,,,,,,,,,,,,,,,,,,,,,,,,,,,,,,,,,,,,,Asplenium trichomanes L.,.,.,.,.,.,.,.,+,.
,,,,,,,,,,,,,,,,,,,,,,,,,,,,,,,,,,,,,,¿ Helictochloa albinervis (Boiss.) Romero Zarco [sub],.,.,.,1,.,.,.,.,.
,,,,,,,,,,,,,,,,,,,,,,,,,,,,,,,,,,,,,,Blechnum spicant (L.) Roth,.,.,.,.,.,.,+,.,.
,,,,,,,,,,,,,,,,,,,,,,,,,,,,,,,,,,,,,,Cardamine hirsuta L.,.,.,+,.,.,.,.,.,.
,,,,,,,,,,,,,,,,,,,,,,,,,,,,,,,,,,,,,,Carex caryophyllea Latourr.,.,.,.,+,.,.,.,.,.
,,,,,,,,,,,,,,,,,,,,,,,,,,,,,,,,,,,,,,Carex spicata Huds. [sub],+,.,.,.,.,.,.,.,.
,,,,,,,,,,,,,,,,,,,,,,,,,,,,,,,,,,,,,,Carex sp.,.,.,.,.,+,.,.,.,.
,,,,,,,,,,,,,,,,,,,,,,,,,,,,,,,,,,,,,,Micropyrum tenellum (L.) Link [sub],.,.,.,.,.,.,.,.,+
,,,,,,,,,,,,,,,,,,,,,,,,,,,,,,,,,,,,,,Coleostephus myconis (L.) Rchb. fil. [sub],.,.,+,.,.,.,.,.,.
,,,,,,,,,,,,,,,,,,,,,,,,,,,,,,,,,,,,,,Cistus populifolius L.,.,.,.,.,.,.,.,.,1
,,,,,,,,,,,,,,,,,,,,,,,,,,,,,,,,,,,,,,Cytisus multiflorus (L'Hér.) Sweet,.,.,2,.,.,.,.,.,.
,,,,,,,,,,,,,,,,,,,,,,,,,,,,,,,,,,,,,,Erica australis L. [sub],.,.,.,.,.,.,.,.,+
,,,,,,,,,,,,,,,,,,,,,,,,,,,,,,,,,,,,,,Erica ciliaris L.,.,.,.,.,+,.,.,.,.
,,,,,,,,,,,,,,,,,,,,,,,,,,,,,,,,,,,,,,Erica cinerea L.,.,+,.,.,.,.,.,.,.
,,,,,,,,,,,,,,,,,,,,,,,,,,,,,,,,,,,,,,Erica lusitanica Rudolphi,.,.,.,.,.,.,2,.,.
,,,,,,,,,,,,,,,,,,,,,,,,,,,,,,,,,,,,,,Logfia gallica (L.) Coss. & Germ. [sub],.,.,.,.,.,.,.,.,+
,,,,,,,,,,,,,,,,,,,,,,,,,,,,,,,,,,,,,,Fraxinus angustifolia Vahl,.,.,.,.,.,.,+,.,.
,,,,,,,,,,,,,,,,,,,,,,,,,,,,,,,,,,,,,,Galium sp.,.,+,+,.,.,.,.,.,.
,,,,,,,,,,,,,,,,,,,,,,,,,,,,,,,,,,,,,,Genista ancistrocarpa Spach,.,.,+,.,.,.,.,.,.
,,,,,,,,,,,,,,,,,,,,,,,,,,,,,,,,,,,,,,Genista triacanthos Brot.,.,.,.,.,.,.,.,.,+
,,,,,,,,,,,,,,,,,,,,,,,,,,,,,,,,,,,,,,Halimium lasianthum (Lam.) Spach subsp. alyssoides (Lam.) Greuter [sub],.,.,+,.,.,.,.,.,.
,,,,,,,,,,,,,,,,,,,,,,,,,,,,,,,,,,,,,,Hypericum androsaemum L.,.,.,.,.,.,.,+,.,.
,,,,,,,,,,,,,,,,,,,,,,,,,,,,,,,,,,,,,,Lamium maculatum L.,.,.,.,.,.,+,.,.,.
,,,,,,,,,,,,,,,,,,,,,,,,,,,,,,,,,,,,,,Lathyrus angulatus L.,.,.,+,.,.,.,.,.,.
,,,,,,,,,,,,,,,,,,,,,,,,,,,,,,,,,,,,,,Lavandula stoechas L.,.,.,.,.,.,.,.,.,+
,,,,,,,,,,,,,,,,,,,,,,,,,,,,,,,,,,,,,,Luzula multiflora (Retz.) Lej. subsp. multiflora [sub],2,.,.,.,.,.,.,.,.
,,,,,,,,,,,,,,,,,,,,,,,,,,,,,,,,,,,,,,Myrtus communis L.,.,.,.,.,.,.,.,.,+
,,,,,,,,,,,,,,,,,,,,,,,,,,,,,,,,,,,,,,Olea europaea var. silvestris,.,.,.,.,.,.,.,.,+
,,,,,,,,,,,,,,,,,,,,,,,,,,,,,,,,,,,,,,Pedicularis sylvatica L. subsp. lusitanica (Hoffmanns. & Link) Cout.,.,.,+,.,.,.,.,.,.
,,,,,,,,,,,,,,,,,,,,,,,,,,,,,,,,,,,,,,Phillyrea angustifolia L.,.,.,.,.,.,.,.,.,+
,,,,,,,,,,,,,,,,,,,,,,,,,,,,,,,,,,,,,,Poa sp.,.,+,.,.,.,.,.,.,.
,,,,,,,,,,,,,,,,,,,,,,,,,,,,,,,,,,,,,,Primula acaulis (L.) L. [sub],.,+,.,.,.,.,.,.,.
,,,,,,,,,,,,,,,,,,,,,,,,,,,,,,,,,,,,,,Prunella vulgaris L.,+,.,.,.,.,.,.,.,.
,,,,,,,,,,,,,,,,,,,,,,,,,,,,,,,,,,,,,,Prunus avium L.,.,.,.,.,.,.,+,.,.
,,,,,,,,,,,,,,,,,,,,,,,,,,,,,,,,,,,,,,Pterospartum tridentatum (L.) Willk. in Willk. & Lange,.,.,.,.,.,.,.,.,+
,,,,,,,,,,,,,,,,,,,,,,,,,,,,,,,,,,,,,,Pulicaria odora (L.) Rchb.,.,.,.,.,.,.,.,.,+
,,,,,,,,,,,,,,,,,,,,,,,,,,,,,,,,,,,,,,Radiola linoides (Hill) Roth,.,.,.,.,.,.,.,.,+
,,,,,,,,,,,,,,,,,,,,,,,,,,,,,,,,,,,,,,Ranunculus bulbosus L. subsp. aleae (Willk.) Rouy & Fouc. [sub],+,.,.,.,.,.,.,.,.
,,,,,,,,,,,,,,,,,,,,,,,,,,,,,,,,,,,,,,Rosa canina L.,.,.,.,.,.,.,+,.,.
,,,,,,,,,,,,,,,,,,,,,,,,,,,,,,,,,,,,,,Rosa pouzinii Tratt.,.,.,.,.,.,.,+,.,.
,,,,,,,,,,,,,,,,,,,,,,,,,,,,,,,,,,,,,,Rubus ulmifolius Schott,.,+,.,.,.,.,.,.,.
,,,,,,,,,,,,,,,,,,,,,,,,,,,,,,,,,,,,,,Salix alba L.,.,.,.,.,.,.,+,.,.
,,,,,,,,,,,,,,,,,,,,,,,,,,,,,,,,,,,,,,Salix atrocinerea Brot.,.,.,.,.,.,.,+,.,.
,,,,,,,,,,,,,,,,,,,,,,,,,,,,,,,,,,,,,,Sanguisorba sp.,.,.,.,.,.,.,.,.,+
,,,,,,,,,,,,,,,,,,,,,,,,,,,,,,,,,,,,,,Cytisus striatus (Hill) Rothm. [sub],.,.,.,.,.,.,.,.,1
,,,,,,,,,,,,,,,,,,,,,,,,,,,,,,,,,,,,,,Senecio jacobaea L. [sub],+,.,.,.,.,.,.,.,.
,,,,,,,,,,,,,,,,,,,,,,,,,,,,,,,,,,,,,,Senecio sylvaticus L.,.,.,.,.,.,.,.,.,+
,,,,,,,,,,,,,,,,,,,,,,,,,,,,,,,,,,,,,,Smilax aspera L. [sub],.,.,.,.,.,+,.,.,.
,,,,,,,,,,,,,,,,,,,,,,,,,,,,,,,,,,,,,,Taraxacum sp.,+,.,.,.,.,.,.,.,.
,,,,,,,,,,,,,,,,,,,,,,,,,,,,,,,,,,,,,,Teesdalia sp.,.,.,.,.,.,.,.,.,+
,,,,,,,,,,,,,,,,,,,,,,,,,,,,,,,,,,,,,,Thrincia rothii,.,.,.,.,.,.,.,.,+
,,,,,,,,,,,,,,,,,,,,,,,,,,,,,,,,,,,,,,Tuberaria guttata (L.) Fourr.,.,.,.,.,.,.,.,.,+
,,,,,,,,,,,,,,,,,,,,,,,,,,,,,,,,,,,,,,Ulex europaeus L.,.,.,.,+,.,.,.,.,.
,,,,,,,,,,,,,,,,,,,,,,,,,,,,,,,,,,,,,,Umbilicus rupestris (Salisb.) Dandy in Ridd. & al. [sub],.,.,.,.,.,.,.,+,.
,,,,,,,,,,,,,,,,,,,,,,,,,,,,,,,,,,,,,,Vicia angustifolia L.,.,.,+,.,.,.,.,.,.
,,,,,,,,,,,,,,,,,,,,,,,,,,,,,,,,,,,,,,Viola odorata L.,.,.,.,.,.,.,.,+,.
,,,,,,,,,,,,,,,,,,,,,,,,,,,,,,,,,,,,,,Vitis vinifera L.,.,.,.,.,.,.,+,.,.
,,,,,,,,,,,,,,,,,,,,,,,,,,,,,,,,,,,,,m,Bartramia pomiformis,.,+,.,.,.,.,.,.,.
,,,,,,,,,,,,,,,,,,,,,,,,,,,,,,,,,,,,,m,Brachythecium sp.,+,.,.,.,.,.,.,.,.
,,,,,,,,,,,,,,,,,,,,,,,,,,,,,,,,,,,,,m,Dicranum scoparium,.,.,.,.,.,+,.,.,.
,,,,,,,,,,,,,,,,,,,,,,,,,,,,,,,,,,,,,m,Stereodon cupressiforme,.,.,.,.,.,+,.,.,.
,,,,,,,,,,,,,,,,,,,,,,,,,,,,,,,,,,,,,m,Peltigera canina,.,.,+,.,.,.,.,.,.