,,1,,,,1,2,3,4,5,6,7,8,9,10,11,12,13,14,15,16,17,,,,50,51,52,53,54,55,56,57,58,59,60,,,,1,,,,1,2,3,4,5,6,7,8,9,10,11,12,13,14,15,16,17,18,19,20,21,22,23,24,25,26,27
,Quercus rotundifolia Lam.,2,,,Quercus rotundifolia Lam.,4,4,4,4,4,4,4,4,4,5,5,4,4,5,4,3,4,,,Quercus suber L.,.,.,.,.,.,.,.,.,.,.,.,,,Quercus rotundifolia Lam.,4,,a,Adenocarpus telonensis (Loisel.) DC. in Lam. & DC.,.,.,.,.,.,.,.,.,.,.,.,.,.,.,.,.,.,.,.,.,.,.,r,.,+,.,.
,Rhamnus lycioides L. subsp. oleoides (L.) Maire in Jahand. & Maire [sub],1,,,Daphne gnidium L.,+,+,1,+,+,.,1,+,+,2,+,1,1,+,+,+,+,,,Quercus faginea Lam. subsp. broteroi (Cout.) A. Camus [sub],.,.,.,.,.,.,+,1,.,.,.,,,Aristolochia baetica L.,3,,h,Ajuga iva (L.) Schreb.,.,.,.,.,.,.,(+),.,.,.,.,.,.,.,.,r,.,.,.,.,.,.,.,.,.,.,.
,Osyris quadripartita Salzm. ex Decne. [sub],2,,,Smilax aspera L.,2,1,1,2,2,2,1,.,1,.,1,2,1,3,2,2,2,,,Quercus rotundifolia Lam.,4,5,4,4,4,4,5,4,4,4,3,,,Rubia peregrina L. [sub],3,,h,Alyssum serpyllifolium Desf.,.,.,.,.,.,.,.,.,.,.,.,.,.,+,.,.,.,.,.,.,.,.,.,.,.,.,.
,Olea europaea L. subsp. sylvestris (Mill.) Hegi,1,,,Olea europaea L. subsp. sylvestris (Mill.) Hegi [sub],2,.,1,2,2,1,1,2,2,.,+,1,2,+,+,+,1,,,Quercus coccifera L. [sub],.,.,.,.,.,.,.,.,.,.,.,,,Pistacia lentiscus L.,2,,h,Anagallis arvensis L.,.,.,.,.,.,r,r,.,.,.,.,.,.,.,.,.,.,.,.,.,.,.,.,.,.,.,.
,Phillyrea latifolia L.,+,,,Arisarum simorrhinum Durieu [sub],2,.,2,1,2,+,2,2,1,1,.,1,2,1,1,.,1,,,Lavandula viridis L'Hér.,.,.,.,.,.,.,.,.,.,.,.,,,Olea europaea L. subsp. sylvestris (Mill.) Hegi,2,,a,Anagyris foetida L.,.,.,.,.,.,.,.,.,.,+,.,.,.,.,.,.,.,.,.,.,.,.,.,.,.,.,.
,Lonicera implexa Aiton,+,,,Rubia peregrina L. [sub],1,.,.,1,1,+,1,2,2,+,1,.,1,1,1,1,1,,,Quercus lusitanica Lam.,.,.,.,.,.,.,.,.,.,.,.,,,Rhamnus alaternus L.,2,,h,Anemone palmata L.,.,.,.,.,.,.,.,.,.,.,.,.,.,.,.,.,.,.,.,.,.,.,.,+,+,.,.
,Pistacia terebinthus L.,+,,,Quercus coccifera L.,.,.,1,+,+,.,.,.,.,1,+,+,+,+,1,1,+,,,Bupleurum fruticosum L.,.,.,.,.,.,.,.,.,.,.,.,,,Crataegus monogyna Jacq. [sub],2,,a,Anthyllis cytisoides L.,.,.,.,.,+,.,.,.,.,.,+,.,.,+,.,.,.,.,.,.,.,.,.,.,.,.,.
,Pistacia lentiscus L.,1,,,Lonicera implexa Aiton,.,.,.,+,1,.,+,.,+,.,+,.,1.1,+,1,2,2,,,Rhaponticoides fraylensis (Sch. Bip. ex Nyman) M.V. Agab. & Greuter [sub],.,.,.,.,.,.,.,.,.,.,.,,,Calicotome villosa (Poir.) Link,1,,a,Arbutus unedo L.,.,.,.,.,(+),.,.,.,.,.,.,+,.,.,.,.,1,.,.,.,.,.,3,.,1,.,.
,Aristolochia baetica L.,+,,,Rhamnus alaternus L.,.,.,.,1,2,.,2,+,3,1,1,+,.,+,+,+,1,,,Serratula aristata,.,.,.,.,.,.,.,.,.,.,.,,,Ceratonia siliqua L.,1,,h,Arisarum simorrhinum Durieu,.,.,.,.,.,.,.,1,.,.,.,.,.,.,.,.,.,.,.,.,.,.,.,1,+,.,.
,Asparagus acutifolius L.,+,,,Asparagus acutifolius L.,2,1,.,+,+,.,1,.,.,+,.,.,1,+,.,+,1,,,Centaurea crocata Franco,.,.,.,.,.,.,.,.,.,.,.,,,Daphne gnidium L.,1,,h,Arisarum vulgare Targ.-Tozz.,.,.,1,.,.,.,.,.,.,.,.,.,.,.,.,.,.,.,2,.,.,.,.,.,.,.,.
,Lavandula stoechas L.,2,,,Ruscus aculeatus L.,.,.,.,2,2,.,+,.,.,.,.,.,.,1,2,2,.,,,Quercus Xjahandiezii A. Camus [sub],.,.,.,.,.,.,.,.,.,.,.,,,Asparagus acutifolius L.,1,,a,Aristolochia baetica L.,.,.,.,.,.,r,r,.,.,.,.,.,.,.,.,.,.,5,.,.,1,2,1,+,+,3,2
,Cistus monspeliensis L.,2,,,Phillyrea angustifolia L.,.,.,.,+,.,+,.,.,.,.,.,.,2,.,+,.,+,,,Rhaponticoides africana (Lam.) M.V.Agab. & Greuter [sub],.,.,.,.,.,.,.,.,.,.,.,,,Rhamnus lycioides L. subsp. oleoides (L.) Maire in Jahand. & Maire [sub],1,,h,Aristolochia baetica L.,+,.,+,1,+,.,.,2,.,1,+,.,1,.,.,.,.,.,.,.,.,.,.,.,.,.,.
,Thapsia villosa L.,1,,,Phillyrea latifolia L.,.,.,1,.,.,.,.,1,1,.,.,.,.,+,1,.,.,,,Juniperus navicularis Gand.,.,.,.,.,.,.,.,.,.,.,.,,,Smilax aspera L.,1,,h,Aristolochia paucinervis Pomel,.,.,.,.,.,.,.,.,.,.,.,.,2,.,.,.,.,.,.,.,.,.,.,.,.,.,+
,Ulex parviflorus Pourr.,1,,,Phillyrea latifolia L. [sub],.,.,.,.,.,.,.,1,.,.,.,.,.,1,+,.,.,,,Antirrhinum majus L. subsp. cirrhigerum (Ficalho) Franco [sub],.,.,.,.,.,.,.,.,.,.,.,,,Phlomis purpurea L.,1,,h,Arum italicum Mill.,.,.,.,.,.,.,.,1,.,+,.,.,.,.,.,.,.,.,.,.,.,.,.,.,+,.,.
,Urginea fugax (Moris) Steinh. [sub],1,,,Hyacinthoides hispanica (Mill.) Rothm.,.,.,.,.,.,.,.,.,2,.,.,.,.,1,1,.,.,,,Juniperus phoenicea L. subsp. turbinata (Guss.) Nyman [sub],.,.,.,.,.,.,.,.,.,.,.,,,Asparagus aphyllus L.,1,,a,Asparagus acutifolius L.,1,+,+,+,+,r,r,+,.,.,1,.,+,.,.,.,.,1,.,.,.,.,+,+,+,.,+
,Cistus albidus L.,2,,,Anemone palmata L.,.,.,.,.,.,.,.,.,.,.,+,.,.,.,.,.,.,,,Corema album (L.) D. Don,.,.,.,.,.,.,.,.,.,.,.,,,Chamaerops humilis L.,+,,a,Asparagus albus L.,.,.,.,.,.,1,.,2,.,.,.,.,.,.,.,.,.,.,+,.,.,.,.,.,.,+,.
,Pulicaria odora (L.) Rchb.,1,,,Juniperus phoenicea L. subsp. turbinata (Guss.) Nyman [sub],+,+,1,2,.,1,2,.,.,.,.,.,2,+,+,.,.,,,Calicotome villosa (Poir.) Link,.,.,.,.,.,.,.,.,.,.,.,,,Rosa sempervirens L.,+,,a,Asparagus aphyllus L.,.,.,.,.,.,.,.,+,.,.,.,.,.,.,.,.,.,.,.,.,.,.,.,.,.,.,.
,Dactylis glomerata L. subsp. hispanica (Roth) Nyman [sub],1,,,Paeonia broteri Boiss. & Reut. [sub],1,.,1,.,1,2,.,.,.,.,.,.,1,1,1,1,.,,,Osyris quadripartita Salzm. ex Decne. [sub],+,1,2,1,.,.,1,.,1,.,.,,,Clematis flammula L.,+,,a,Asparagus horridus L. fil.,.,.,.,.,.,.,.,.,.,.,.,.,.,.,.,.,.,.,.,+,.,.,.,.,.,.,.
,,,,,Quercus faginea Lam.,.,.,.,.,.,.,.,.,.,.,.,1,.,2,1,2,1,,,Asparagus albus L.,.,1,2,.,2,1,.,+,.,.,.,,,Piptatherum miliaceum (L.) Coss.,2,,a,Asperula hirsuta Desf.,.,.,.,.,.,r,.,.,.,.,.,.,.,.,.,.,.,.,.,.,.,.,.,.,.,.,.
,,,,,Quercus Xjahandiezii A. Camus,.,.,.,.,.,.,.,.,.,.,.,.,.,+,.,+,+,,,Aristolochia baetica L.,.,.,.,.,+,.,.,.,.,.,.,,,Ulex baeticus Boiss. subsp. scaber (Kunze) Cubas [sub],1,,h,Asphodelus ramosus L.,.,.,.,.,.,.,.,.,.,.,.,.,.,.,.,.,.,1,.,.,.,.,.,+,.,+,.
,,,,,Viburnum tinus L.,.,.,.,.,.,.,.,.,.,.,.,.,.,3,2,.,.,,,Clematis cirrhosa L.,.,.,.,.,.,.,.,.,.,.,.,,,Cistus albidus L.,1,,h,Asteriscus aquaticus (L.) Less.,.,.,.,.,.,r,r,.,.,.,.,.,.,.,.,.,.,.,.,.,.,.,.,.,.,.,.
,,,,,Quercus faginea Lam.,.,.,.,.,.,.,.,.,.,.,.,.,.,.,+,+,.,,,Prasium majus L.,.,.,.,.,.,.,.,.,.,.,.,,,Geranium purpureum Vill.,1,,h,Asterolinon linum-stellatum (L.) Duby in A. DC.,.,.,.,.,.,.,r,.,.,.,.,.,.,.,.,.,.,.,.,.,.,.,.,.,.,.,.
,,,,,Quercus Xjahandiezii A. Camus [sub],.,.,.,.,.,.,.,.,.,.,.,.,.,.,.,+,+,,,Sanguisorba hybrida (L.) Font Quer,.,.,.,.,.,.,.,.,.,.,.,,,Thymbra capitata (L.) Cav.,+,,h,Erophaca baetica (L.) Boiss. [sub],.,.,.,.,.,.,.,.,.,.,.,.,.,.,.,.,.,.,.,.,.,.,.,r,.,.,.
,,,,,Pistacia lentiscus L.,+,1,+,.,+,+,+,+,+,1,1,+,+,+,+,2,+,,,Doronicum plantagineum L.,.,.,.,.,.,.,.,.,.,.,.,,,Retama sphaerocarpa (L.) Boiss.,+,,a,Ballota hirsuta Benth. subsp. hirsuta,.,.,.,.,.,.,.,.,.,.,.,.,.,.,.,.,.,+,.,.,.,.,.,.,.,.,.
,,,,,Aristolochia baetica L.,+,1,1,1,+,+,2,1,1,1,.,+,.,1,1,1,.,,,Genista tournefortii Spach,.,.,.,.,.,.,.,.,.,.,.,,,Rubus ulmifolius Schott,+,,h,Bellis sylvestris Cirillo,.,.,.,.,.,.,.,.,.,.,.,.,.,.,.,.,.,.,.,.,.,.,.,.,+,.,.
,,,,,Rhamnus lycioides L. subsp. oleoides (L.) Maire in Jahand. & Maire [sub],.,1,+,+,+,+,+,+,+,2,+,+,+,1,1,1,+,,,Juniperus oxycedrus L. subsp. badia (H. Gay) Debeaux [sub],.,.,.,.,.,.,.,.,.,.,.,,,Vinca difformis Pourr.,+,,h,Blackstonia perfoliata (L.) Huds.,.,.,.,.,.,.,(+),.,.,.,.,.,.,.,.,.,.,.,.,.,.,.,.,.,.,.,.
,,,,,Phlomis purpurea L.,.,+,+,+,.,+,.,.,+,+,+,.,.,+,+,+,.,,,Pyrus bourgaeana Decne.,.,.,+,.,.,.,+,.,1,2,.,,,Ptilostemon hispanicus (Lam.) Greuter,+,,h,Brachypodium distachyon (L.) P. Beauv.,.,.,.,.,.,.,.,.,.,.,.,.,.,.,.,r,.,.,.,.,.,.,.,.,.,+,+
,,,,,Arbutus unedo L.,.,.,.,2,2,1,.,1,1,.,2,1,1,2,2,1,1,,,Iberis linifolia L.,.,.,.,.,.,.,.,.,.,.,.,,,,,,h,Brachypodium retusum (Pers.) P. Beauv.,.,2,.,.,.,.,.,.,.,.,3,2,.,.,2,.,1,2,3,.,.,2,.,.,+,+,.
,,,,,Chamaerops humilis L.,.,+,.,+,+,1,1,.,+,2,.,+,.,.,.,.,.,,,Pistacia terebinthus L.,.,.,.,.,.,.,.,.,.,.,.,,,,,,h,Briza maxima L.,.,.,.,.,.,.,.,.,.,.,.,.,.,.,.,r,.,.,.,.,.,.,.,.,.,.,.
,,,,,Ceratonia siliqua L.,+,.,.,.,+,+,.,1,+,+,+,.,.,+,1,.,+,,,Paeonia broteri Boiss. & Reut. [sub],+,2,.,.,.,1,.,.,2,.,.,,,,,,h,Bromus madritensis L. [sub],.,.,.,.,.,.,.,.,.,.,.,.,.,.,.,r,.,.,.,.,.,.,.,.,.,.,.
,,,,,Tamus communis L.,2,.,.,1,1,+,+,1,2,.,.,.,.,+,.,.,.,,,Hyacinthoides hispanica (Mill.) Rothm.,.,.,.,.,.,.,.,.,.,.,.,,,,,,h,Bryonia dioica Jacq.,.,.,.,.,.,.,.,+,.,.,.,.,.,.,.,.,.,.,.,.,.,.,.,.,.,.,.
,,,,,Genista hirsuta Vahl subsp. hirsuta [sub],.,1,.,+,.,+,.,.,+,.,+,.,.,.,+,+,+,,,Asparagus acutifolius L.,.,.,.,.,.,.,.,.,.,.,.,,,,,,h,Calamintha nepeta (L.) Savi,.,.,+,(+),.,.,.,.,.,.,.,.,+,.,.,.,.,.,.,.,.,.,.,.,.,.,+
,,,,,Carex halleriana Asso [sub],.,2,.,.,.,.,.,.,.,1,2,.,2,2,2,2,.,,,Rhamnus lycioides L. subsp. oleoides (L.) Maire in Jahand. & Maire [sub],.,.,.,+,1,1,2,1,.,.,.,,,,,,a,Calamintha nepeta (L.) Savi,.,.,.,.,.,.,.,.,.,+,.,.,.,.,.,.,.,.,.,.,.,.,.,.,.,.,.
,,,,,Urginea fugax (Moris) Steinh. [sub],.,.,.,+,+,.,1,.,+,.,+,+,.,.,.,.,+,,,Asparagus aphyllus L.,.,1,.,+,1,1,2,1,+,1,+,,,,,,a,Calicotome villosa (Poir.) Link,.,.,.,.,.,.,.,.,.,.,1,2,1,.,.,.,.,.,.,.,.,.,.,.,.,.,.
,,,,,Pistacia terebinthus L.,.,.,.,.,2,+,+,.,1,.,.,.,.,+,+,.,.,,,Phlomis purpurea L.,.,.,.,.,2,.,.,.,.,.,.,,,,,,h,Campanula rapunculus L.,.,.,.,.,.,.,.,.,.,.,+,.,.,.,.,.,.,.,.,.,.,.,.,.,.,(+),.
,,,,,Staehelina dubia L.,.,+,+,.,+,.,.,+,.,+,.,.,.,.,.,.,+,,,Myrtus communis L.,.,.,.,.,.,+,.,.,1,2,.,,,,,,a,Capparis spinosa L.,.,.,.,.,.,.,.,.,.,.,.,.,.,.,.,.,.,.,.,+,.,.,.,.,.,.,.
,,,,,Cistus albidus L.,.,+,+,.,.,.,.,.,.,+,+,.,.,.,.,+,.,,,Avenella flexuosa (L.) Drejer [sub],.,.,.,.,.,.,.,.,.,.,.,,,,,,h,Carex halleriana Asso [sub],.,.,.,.,.,.,.,.,.,.,.,.,.,.,.,.,.,.,.,.,.,1,.,.,.,.,.
,,,,,Scilla peruviana L.,.,.,.,.,+,1,.,.,1,.,+,.,.,.,.,.,.,,,Scilla monophyllos Link,.,.,.,.,.,.,.,.,.,.,.,,,,,,h,Carlina corymbosa L.,.,.,.,.,.,r,.,.,.,.,.,.,.,.,.,.,.,.,.,.,.,.,.,.,.,.,.
,,,,,Epipactis lusitanica Tyteca,+,.,.,.,.,+,.,.,.,.,.,.,.,+,.,+,.,,,Genaria diphylla,.,.,.,.,.,.,.,.,.,.,.,,,,,,h,Centaurea melitensis L.,.,.,.,.,.,r,(+),.,.,.,.,.,.,.,.,.,.,.,.,.,.,.,.,.,.,.,.
,,,,,Rosmarinus officinalis L.,.,.,1,+,.,.,.,.,.,.,.,.,+,.,.,.,.,,,Ceratonia siliqua L.,.,.,.,.,+,.,1,.,.,.,.,,,,,,h,Centaurium erythraea Raf. subsp. majus (Hoffmanns. & Link) M. Laínz,.,.,.,.,.,.,.,.,.,.,.,.,.,.,.,.,+,.,.,.,.,.,.,.,.,.,.
,,,,,Asperula hirsuta Desf.,.,.,.,.,.,.,.,.,.,+,+,.,.,.,.,+,.,,,Ruscus aculeatus L.,1,2,3,.,.,.,1,3,.,2,.,,,,,,h,Centaurium pulchellum (Sw.) Druce,.,.,.,.,.,.,(+),.,.,.,.,.,.,.,.,.,.,.,.,.,.,.,.,.,.,.,.
,,,,,Rhaponticum coniferum (L.) Greuter [sub],.,.,.,.,.,.,+,+,.,+,.,.,.,.,.,.,.,,,Viburnum tinus L.,.,.,.,.,.,.,.,.,.,.,.,,,,,,h,Centranthus calcitrapae (L.) Dufr.,.,.,.,.,.,.,r,.,.,.,.,.,.,.,.,.,.,.,.,.,.,.,.,.,.,.,.
,,,,,Myrtus communis L.,.,.,.,1,.,.,.,1,.,.,.,.,.,+,.,.,.,,,Elaeoselinum foetidum (L.) Boiss.,+,1,.,.,.,.,.,.,.,.,.,,,,,,A,Ceratonia siliqua L.,.,.,+,.,.,.,.,.,.,(+),.,+,.,2,2,.,2,.,.,.,.,.,.,.,.,.,.
,,,,,Osyris alba L.,.,.,.,.,+,.,.,.,.,.,.,.,+,.,.,.,+,,,Carex distachya Desf.,+,1,.,.,1,.,.,.,+,+,.,,,,,,a,Ceratonia siliqua L.,.,.,.,.,.,.,.,.,.,.,.,.,.,.,.,.,.,.,2,.,.,.,.,.,.,.,.
,,,,,Prasium majus L.,+,.,.,.,.,.,.,.,+,.,.,.,.,.,.,.,.,,,Luzula forsteri (Sm.) DC. subsp. cantabrica P. Monts. [sub],.,.,.,.,.,.,.,.,.,.,.,,,,,,h,Asplenium ceterach L. [sub],.,.,.,.,.,.,.,.,.,.,.,.,.,.,.,.,.,+,.,.,.,.,.,.,.,.,.
,,,,,Jasminum fruticans L.,1,.,.,.,+,.,.,.,.,.,.,.,.,.,.,.,.,,,Asplenium onopteris L.,.,.,.,.,.,.,.,.,.,.,.,,,,,,a,Chamaerops humilis L.,.,.,+,+,.,.,r,3,.,+,+,.,+,.,.,.,.,.,.,.,.,.,.,.,.,.,.
,,,,,Asparagus aphyllus L.,.,.,.,+,.,.,.,.,.,.,.,.,.,.,.,.,.,,,Phillyrea latifolia L.,.,.,.,.,.,.,.,.,1,.,.,,,,,,a,Cistus albidus L.,.,+,+,.,(+),1,2,+,.,1,+,.,+,1,.,2,+,2,+,.,1,1,+,2,+,.,+
,,,,,Arum italicum Mill.,1,.,.,.,.,.,.,.,.,.,.,.,.,.,.,.,.,,,Bellis sylvestris Cirillo,.,.,.,.,.,.,.,.,.,.,.,,,,,,a,Cistus clusii Dunal in DC.,.,.,.,.,.,.,.,.,.,.,.,.,.,+,.,.,.,.,.,.,.,.,.,.,.,.,.
,,,,,Bunium bulbocastanum L.,.,.,+,.,.,.,.,.,.,.,.,.,.,.,.,.,.,,,Allium massaessylum Batt. & Trab.,.,.,.,.,.,.,.,.,.,.,.,,,,,,a,Cistus ladanifer L.,.,.,.,.,.,.,(+),.,.,.,.,.,.,.,.,.,.,.,.,.,.,.,.,(+),.,.,.
,,,,,Bupleurum fruticosum L.,.,.,.,.,.,.,.,.,+,.,.,.,.,.,.,.,.,,,Rosa sempervirens L.,.,.,.,.,.,.,.,.,.,.,.,,,,,,a,Cistus monspeliensis L.,.,.,.,.,2,.,2,.,.,.,.,.,+,.,.,r,.,.,1,.,.,.,.,(+),.,+,.
,,,,,Carlina corymbosa L.,.,.,.,.,.,.,.,.,.,+,.,.,.,.,.,.,.,,,Conopodium marianum Lange [sub],.,.,.,.,.,.,.,.,.,.,.,,,,,,a,Cistus populifolius L.,.,.,.,.,.,.,.,.,.,.,.,.,.,.,.,.,.,.,2,.,.,.,.,.,.,.,.
,,,,,Cheirolophus sempervirens (L.) Pomel,.,.,.,.,.,.,.,.,.,.,+,.,.,.,.,+,.,,,Galium scabrum L.,.,.,.,.,.,.,.,.,.,.,.,,,,,,a,Cistus salviifolius L.,.,.,.,.,.,.,.,(+),.,1,.,+,.,.,.,.,.,.,.,.,.,.,+,2,+,+,+
,,,,,Cistus monspeliensis L.,.,.,.,.,.,.,.,.,.,.,+,.,+,.,.,.,.,,,Moehringia pentandra J. Gay,.,.,.,.,.,.,.,.,.,.,.,,,,,,h,Clematis cirrhosa L.,.,.,+,+,.,.,.,.,.,.,.,.,.,.,.,.,.,.,.,.,.,.,.,.,.,.,.
,,,,,Colchicum lusitanum Brot. [sub],.,.,1,.,.,.,.,.,.,.,.,+,.,.,.,.,.,,,Piptatherum paradoxum (L.) P. Beauv.,.,.,.,.,.,.,.,.,.,.,.,,,,,,a,Clematis flammula L.,.,.,.,.,.,.,(+),.,.,2,.,.,+,.,.,.,.,.,.,.,1,1,.,.,.,.,+
,,,,,Dactylis glomerata L. subsp. lusitanica Stebbins & Zohary [sub],.,2,.,.,.,.,.,.,.,.,.,.,.,.,.,.,.,,,Geum sylvaticum Pourr.,.,.,.,.,.,.,.,.,.,.,.,,,,,,a,Clematis vitalba L.,+,.,.,.,.,.,.,.,.,.,.,.,.,.,.,.,.,.,.,.,.,.,.,.,.,.,.
,,,,,Dianthus broteri Boiss. & Reut. [sub],.,.,.,.,.,.,.,.,.,.,.,.,.,+,+,.,.,,,Carex depressa Link,.,.,.,.,.,.,.,.,.,.,.,,,,,,h,Cleonia lusitanica (L.) L.,.,.,.,.,.,(+),(+),.,.,.,.,.,.,.,.,.,.,.,.,.,.,.,.,.,.,.,.
,,,,,Lavandula stoechas L. subsp. luisieri (Rozeira) Rozeira [sub],.,+,.,.,.,.,.,.,.,.,+,.,.,.,.,.,.,,,Quercus Xmixta,1,.,.,.,.,.,.,.,.,1,.,,,,,,a,Thymbra capitata (L.) Cav. [sub],.,.,.,.,.,.,.,+,.,.,.,.,.,.,.,.,.,.,.,.,.,.,.,.,.,.,.
,,,,,Magydaris panacifolia (Vahl) Lange in Willk. & Lange,.,.,.,.,.,.,.,.,.,.,.,.,.,.,.,+,.,,,Smilax aspera L. [sub],1,1,1,1,+,1,3,1,1,1,.,,,,,,a,Coronilla juncea L.,.,.,.,.,.,.,.,.,.,.,.,.,.,.,.,r,.,1,.,1,.,.,.,.,.,.,.
,,,,,Melica minuta L.,.,2,.,.,.,.,.,.,.,.,.,.,.,.,.,.,.,,,Rubia peregrina L. [sub],+,1,2,.,+,.,+,2,1,1,.,,,,,,h,Cosentinia vellea (Aiton) Tod.,.,.,.,.,.,.,.,.,.,.,.,.,.,.,.,.,.,+,.,.,.,.,.,.,.,.,.
,,,,,Ophrys vernixia Brot.,.,.,.,.,.,.,.,.,.,.,.,.,.,+,.,.,.,,,Olea europaea L. subsp. sylvestris (Mill.) Hegi [sub],1,1,1,1,2,3,3,1,1,1,+,,,,,,a,Crataegus monogyna Jacq.,3,+,+,+,.,.,.,.,.,.,.,.,+,.,.,.,.,.,.,.,.,.,.,.,.,.,+
,,,,,Pulicaria odora (L.) Rchb.,.,.,.,.,.,.,.,.,.,.,.,.,.,.,.,+,.,,,Daphne gnidium L.,1,1,1,2,+,2,1,1,.,.,1,,,,,,a,Crataegus monogyna Jacq. [sub],.,.,.,.,.,.,.,1,.,.,.,.,.,.,.,.,+,.,.,.,.,.,.,.,.,.,.
,,,,,Rumex intermedius DC. in Lam. & DC. [sub],.,.,+,.,.,.,.,.,.,.,.,.,.,.,.,.,.,,,Selaginella denticulata (L.) Spring,.,.,.,1,.,2,.,.,2,3,.,,,,,,a,Cytisus arboreus (Desf.) DC. [sub],.,.,.,(+),.,.,.,.,.,.,.,.,.,.,.,.,.,.,.,.,.,.,.,.,.,.,.
,,,,,Salvia sclareoides Brot.,.,.,.,.,.,1,.,.,.,.,.,.,.,.,.,.,.,,,Arisarum simorrhinum Durieu [sub],+,1,+,+,.,1,.,1,.,1,.,,,,,,h,Dactylis glomerata L.,.,.,.,.,.,+,.,.,.,.,.,.,1,.,.,.,.,.,.,.,.,.,(+),+,.,+,.
,,,,,Calamintha nepeta (L.) Savi [sub],.,.,.,.,.,.,.,.,.,.,.,.,.,+,.,.,.,,,Arbutus unedo L.,.,.,.,.,.,.,.,.,.,.,.,,,,,,a,Daphne gnidium L.,+,1,.,.,.,r,r,+,.,+,.,+,+,.,1,r,.,1,.,.,.,.,+,.,+,+,+
,,,,,Sedum sediforme (Jacq.) Pau,.,.,.,.,.,.,.,.,.,.,+,.,.,.,.,.,.,,,Phillyrea angustifolia L.,.,.,.,.,.,.,.,.,.,+,.,,,,,,h,Digitalis purpurea L.,.,.,.,.,.,.,.,.,.,.,.,.,.,.,.,.,.,.,.,.,.,.,.,.,.,.,+
,,,,,Serratula flavescens (L.) Poir. subsp. leucantha (Cav.) Cantó & Costa [sub],.,.,.,.,.,.,.,.,.,.,2,.,.,.,.,.,.,,,Lonicera implexa Aiton,+,+,1,.,1,.,.,.,.,.,.,,,,,,h,Echium albicans Lag. & Rodr.,.,.,.,.,.,.,.,.,.,.,.,.,.,+,.,.,.,.,.,.,.,.,.,.,.,.,.
,,,,,Thapsia villosa L.,.,.,.,.,.,.,.,.,.,.,+,.,.,.,.,.,.,,,Anemone palmata L.,.,.,.,.,.,.,.,.,.,.,.,,,,,,h,Elaeoselinum foetidum (L.) Boiss.,.,.,.,.,.,r,.,.,.,.,.,.,.,.,.,.,+,.,.,.,.,.,(+),+,.,.,+
,,,,,Thymbra capitata (L.) Cav.,.,.,.,.,.,.,.,.,.,+,.,.,.,.,.,.,.,,,Jasminum fruticans L.,.,.,.,1,.,+,.,.,.,.,.,,,,,,a,Ephedra fragilis Desf.,.,.,.,.,.,.,.,.,.,.,.,.,.,1,1,.,.,.,.,.,.,.,.,.,.,.,.
,,,,,Tulipa sylvestris L. subsp. australis (Link) Pamp. [sub],.,.,.,.,.,.,.,.,.,.,+,.,.,.,.,.,.,,,Teucrium fruticans L.,.,.,.,.,.,.,.,.,.,.,.,,,,,,a,Erica arborea L.,.,.,.,.,.,.,.,.,.,.,.,.,.,.,.,.,.,.,.,.,.,.,2,.,2,.,.
,,,,,Ulex argenteus Welw. ex Webb,.,.,.,.,.,+,.,.,.,.,.,.,.,.,.,.,+,,,Phillyrea latifolia L. [sub],.,.,.,.,.,.,.,.,.,.,.,,,,,,h,Erodium sp.,.,.,.,.,.,.,.,.,.,.,.,.,.,.,.,.,.,+,.,.,.,.,.,.,.,.,.
,,,,,,,,,,,,,,,,,,,,,,,,,Pistacia lentiscus L.,+,1,2,+,+,.,3,2,1,2,3,,,,,,h,Erophaca baetica (L.) Boiss.,.,.,.,.,.,r,.,.,.,.,.,.,.,.,.,1,.,.,.,.,.,.,.,.,.,.,.
,,,,,,,,,,,,,,,,,,,,,,,,,Quercus coccifera L.,+,.,.,.,1,.,1,+,1,2,2,,,,,,h,Erucastrum virgatum C. Presl subsp. baeticum (Boiss.) Gómez Campo,.,.,.,.,.,.,.,.,.,.,.,.,.,.,.,.,.,.,1,.,.,.,.,.,.,.,.
,,,,,,,,,,,,,,,,,,,,,,,,,Rhamnus alaternus L.,1,2,2,1,.,3,3,2,.,.,.,,,,,,h,Euphorbia pterococca Brot.,.,.,.,.,.,.,(+),.,.,.,.,.,.,.,.,.,.,.,.,.,.,.,.,.,.,.,.
,,,,,,,,,,,,,,,,,,,,,,,,,Erica arborea L.,.,.,.,.,.,.,.,.,.,.,.,,,,,,h,Ferula communis L. subsp. catalaunica (Pau ex C. Vicioso) Sánchez Cuxart & Bernal,.,.,.,.,.,.,.,.,.,.,.,.,.,.,.,.,.,+,.,.,.,.,.,.,.,.,.
,,,,,,,,,,,,,,,,,,,,,,,,,Osyris alba L.,.,.,.,.,.,.,.,.,.,.,.,,,,,,h,Foeniculum vulgare Mill.,.,.,.,.,.,.,.,.,.,.,.,.,.,.,.,.,.,+,.,.,.,.,.,.,.,.,.
,,,,,,,,,,,,,,,,,,,,,,,,,Melica minuta L. [sub],.,.,.,.,.,.,.,.,.,.,.,,,,,,a,Fraxinus angustifolia Vahl,.,.,.,.,.,.,.,.,.,.,.,.,.,.,.,.,.,.,.,.,.,.,.,.,.,.,+
,,,,,,,,,,,,,,,,,,,,,,,,,Coronilla valentina L. subsp. glauca (L.) Batt. in Batt. & Trab. [sub],.,.,.,.,.,.,.,.,.,.,.,,,,,,A,Fraxinus angustifolia Vahl,.,.,.,.,.,.,.,.,.,+,.,.,.,.,.,.,.,.,.,.,.,.,.,.,.,.,1
,,,,,,,,,,,,,,,,,,,,,,,,,Teucrium pseudo-scorodonia Desf. [sub],.,.,.,.,.,.,.,.,.,.,.,,,,,,h,Gastridium ventricosum (Gouan) Schinz & Thell.,.,.,.,.,.,.,.,.,.,.,.,.,.,.,.,r,.,.,.,.,.,.,.,.,.,.,.
,,,,,,,,,,,,,,,,,,,,,,,,,Picris gr. spinifera Franco [sub],.,.,.,.,.,.,.,.,.,.,.,,,,,,a,Genista haenseleri Boiss.,.,.,.,.,.,.,.,.,.,.,.,.,.,1,.,.,.,.,.,.,.,.,.,.,.,.,.
,,,,,,,,,,,,,,,,,,,,,,,,,Ulex argenteus Welw. ex Webb,.,.,.,.,.,.,.,.,.,.,.,,,,,,a,Genista hirsuta Vahl,.,.,.,.,.,(+),.,.,.,.,.,.,.,.,.,.,.,.,.,.,.,.,+,.,.,.,+
,,,,,,,,,,,,,,,,,,,,,,,,,Nepa boivinii (Webb) Webb [sub],.,.,.,.,.,.,.,.,.,.,.,,,,,,a,Genista spartioides Spach [sub],.,.,.,.,.,.,.,.,.,.,.,.,.,.,.,.,.,.,.,1,.,.,.,.,.,.,.
,,,,,,,,,,,,,,,,,,,,,,,,,Cheirolophus sempervirens (L.) Pomel,.,.,.,.,.,.,.,.,.,.,.,,,,,,a,Genista umbellata (L'Hér.) Dum. Cours.,.,.,.,.,.,.,.,.,.,.,.,.,.,.,.,.,.,.,.,2,.,.,.,.,.,.,.
,,,,,,,,,,,,,,,,,,,,,,,,,Rhododendron ponticum L. subsp. baeticum (Boiss. & Reut.) Hand.-Mazz. [sub],.,.,.,.,.,.,.,.,.,.,.,,,,,,h,Geranium lucidum L.,.,.,.,.,.,.,.,.,.,.,.,.,.,.,.,.,.,.,.,.,.,.,.,+,.,.,+
,,,,,,,,,,,,,,,,,,,,,,,,,Senecio lopezii Boiss.,.,.,.,.,.,.,.,.,.,.,.,,,,,,h,Geranium purpureum Vill.,.,.,.,.,.,.,.,.,2,.,.,.,2,.,.,.,.,.,.,.,.,.,.,.,+,+,+
,,,,,,,,,,,,,,,,,,,,,,,,,Ulex australis Clemente subsp. welwitschianus (Planch.) Espírito Santo & al. [sub],.,.,.,.,.,.,.,.,.,.,.,,,,,,h,Geranium rotundifolium L.,.,.,.,.,.,.,.,.,.,.,.,.,.,.,.,.,.,.,.,.,.,.,.,+,.,.,.
,,,,,,,,,,,,,,,,,,,,,,,,,Stauracanthus genistoides (Brot.) Samp. [sub],.,.,.,.,.,.,.,.,.,.,.,,,,,,h,Gladiolus communis L. subsp. byzantinus (Mill.) A.P.Ham.,.,.,.,.,.,.,.,.,.,.,.,.,+,.,.,.,.,.,.,.,.,.,.,.,.,.,.
,,,,,,,,,,,,,,,,,,,,,,,,,Malcolmia gracilima,.,.,.,.,.,.,.,.,.,.,.,,,,,,h,Gladiolus communis L. [sub],.,.,.,.,.,.,.,.,.,.,.,.,.,.,.,.,.,+,.,.,.,.,.,.,.,.,.
,,,,,,,,,,,,,,,,,,,,,,,,,Armeria rouyana Daveau,.,.,.,.,.,.,.,.,.,.,.,,,,,,h,Gladiolus sp.,.,.,.,.,.,.,.,+,.,.,.,.,.,.,.,.,.,.,.,.,.,.,.,.,.,.,.
,,,,,,,,,,,,,,,,,,,,,,,,,Halimium halimifolium (L.) Willk. in Willk. & Lange,.,.,.,.,.,.,.,.,.,.,.,,,,,,h,Gynandriris sisyrinchium (L.) Parl.,.,.,.,.,.,.,.,1,.,.,.,.,.,.,.,.,.,.,.,.,.,.,.,.,.,.,.
,,,,,,,,,,,,,,,,,,,,,,,,,Thymus capitellatus Hoffmanns. & Link,.,.,.,.,.,.,.,.,.,.,.,,,,,,a,Halimium halimifolium (L.) Willk. in Willk. & Lange,.,.,.,.,.,.,.,.,.,.,.,.,.,2,.,.,.,.,.,.,.,.,.,.,.,.,.
,,,,,,,,,,,,,,,,,,,,,,,,,Iberis ciliata All. subsp. welwitschii (Boiss.) Moreno [sub],.,.,.,.,.,.,.,.,.,.,.,,,,,,h,Onobrychis humilis (Loefl.) G. López [sub],.,.,.,.,.,.,.,.,.,.,.,.,.,.,.,.,+,.,.,.,.,.,.,.,.,.,.
,,,,,,,,,,,,,,,,,,,,,,,,,Cytisus grandiflorus (Brot.) DC.,.,.,.,.,.,.,.,.,.,.,.,,,,,,h,Helianthemum salicifolium (L.) Mill.,.,.,.,.,.,.,.,.,.,.,.,.,.,.,.,.,.,+,.,.,.,.,.,.,.,.,.
,,,,,,,,,,,,,,,,,,,,,,,,,Lavandula stoechas L. subsp. luisieri (Rozeira) Rozeira [sub],.,.,.,.,.,.,.,.,.,.,.,,,,,,h,Helichrysum stoechas (L.) Moench,.,.,.,.,.,.,.,.,.,.,.,.,.,.,.,.,+,.,.,.,.,.,.,.,.,.,.
,,,,,,,,,,,,,,,,,,,,,,,,,Cistus monspeliensis L.,1,+,1,.,+,1,2,.,1,1,.,,,,,,a,Helichrysum stoechas (L.) Moench,.,.,.,.,.,.,.,.,.,.,+,.,.,.,.,.,.,.,.,.,.,.,.,.,.,.,.
,,,,,,,,,,,,,,,,,,,,,,,,,Ruta chalepensis L.,.,.,.,.,.,.,.,.,.,1,+,,,,,,h,Hypericum perfoliatum L.,.,.,.,.,.,.,.,.,.,.,.,.,.,.,.,.,.,.,.,.,.,.,.,+,.,+,.
,,,,,,,,,,,,,,,,,,,,,,,,,Euphorbia nicaeensis All. [sub],.,.,.,.,.,.,1,.,1,1,+,,,,,,h,Hypericum perforatum L.,.,.,.,.,.,.,.,.,.,.,.,.,.,.,.,.,.,.,.,.,.,.,.,.,.,.,+
,,,,,,,,,,,,,,,,,,,,,,,,,Cistus albidus L.,.,.,.,1,1,.,2,.,1,1,2,,,,,,h,Iberis pectinata Boiss. & Reut. in Boiss.,.,.,.,.,.,r,r,.,.,.,.,.,.,.,.,.,.,.,.,.,.,.,.,.,.,.,.
,,,,,,,,,,,,,,,,,,,,,,,,,Teucrium lusitanicum Schreb.,.,.,.,.,.,.,.,.,1,+,.,,,,,,a,Jasminum fruticans L.,.,.,.,.,.,2,2,.,.,2,.,.,.,.,.,.,.,.,.,.,.,.,.,.,.,.,.
,,,,,,,,,,,,,,,,,,,,,,,,,Brachypodium phoenicoides (L.) Roem. & Schult.,.,.,.,.,.,.,.,.,.,.,.,,,,,,a,Juniperus oxycedrus L.,.,.,.,.,.,.,.,.,.,.,.,.,.,4,3,.,.,.,.,.,.,.,.,.,.,.,.
,,,,,,,,,,,,,,,,,,,,,,,,,Salvia sclareoides Brot.,.,.,.,.,.,.,.,.,.,.,.,,,,,,a,Juniperus oxycedrus L. subsp. oxycedrus,.,.,.,.,.,.,.,.,.,.,.,.,.,.,.,.,.,2,.,.,.,.,.,.,.,.,.
,,,,,,,,,,,,,,,,,,,,,,,,,Teucrium scorodonia L.,.,.,.,.,.,.,.,.,.,.,.,,,,,,h,Lapiedra martinezii Lag.,.,.,.,.,.,.,.,.,.,.,.,.,.,.,.,.,.,+,.,.,.,.,.,.,.,.,.
,,,,,,,,,,,,,,,,,,,,,,,,,Arenaria montana L. subsp. intricata (Ser.) Pau [sub],.,.,.,.,.,.,.,.,.,.,.,,,,,,h,Lathyrus tingitanus L.,.,.,.,.,.,r,.,.,.,.,.,.,.,.,.,.,.,.,.,.,.,.,.,.,.,.,.
,,,,,,,,,,,,,,,,,,,,,,,,,Quercus pyrenaica Willd.,.,.,.,.,.,.,.,.,.,.,.,,,,,,a,Launaea fragilis (Asso) Pau,.,.,.,.,.,.,.,.,.,.,.,.,.,.,.,.,.,.,.,1,.,.,.,.,.,.,.
,,,,,,,,,,,,,,,,,,,,,,,,,Cytisus borgaei,.,.,.,.,.,.,.,.,.,.,.,,,,,,a,Lavandula stoechas L.,.,.,.,.,+,.,.,.,.,.,.,.,.,.,.,.,.,.,.,.,.,.,.,.,.,.,.
,,,,,,,,,,,,,,,,,,,,,,,,,Retama sphaerocarpa (L.) Boiss.,.,.,.,.,1,.,.,.,+,.,1,,,,,,a,Lavandula stoechas L. [sub],.,.,.,.,.,.,.,.,.,.,.,.,.,.,.,.,.,.,.,.,1,.,.,.,.,.,.
,,,,,,,,,,,,,,,,,,,,,,,,,Halimium ocymoides (Lam.) Willk. in Willk. & Lange,.,.,.,.,.,.,.,.,.,.,.,,,,,,a,Lavandula stoechas L. subsp. luisieri (Rozeira) Rozeira,.,.,.,.,.,.,.,.,.,.,.,.,.,.,.,.,.,.,.,.,.,.,.,+,+,.,.
,,,,,,,,,,,,,,,,,,,,,,,,,Cistus gr. populifolius L. [sub],.,.,.,.,.,.,.,.,.,.,.,,,,,,a,Lavandula pedunculata Cav. [sub],.,.,.,.,.,.,.,.,.,.,.,.,.,.,.,.,.,.,.,.,.,.,+,.,.,.,.
,,,,,,,,,,,,,,,,,,,,,,,,,Tamus communis L.,1,2,2,.,.,.,.,+,.,+,+,,,,,,a,Lavatera oblongifolia Boiss.,.,.,.,.,.,.,.,.,.,.,.,.,.,.,.,.,.,.,+,.,.,.,.,.,.,.,.
,,,,,,,,,,,,,,,,,,,,,,,,,Crataegus monogyna Jacq. [sub],3,2,3,.,.,.,1,+,.,.,.,,,,,,h,Linum strictum L.,.,.,.,.,.,.,.,.,.,.,.,.,.,.,.,.,.,+,.,.,.,.,.,.,.,.,.
,,,,,,,,,,,,,,,,,,,,,,,,,Urginea fugax (Moris) Steinh. [sub],.,+,+,+,.,1,1,2,+,+,.,,,,,,a,Lonicera etrusca G. Santi,.,.,.,.,.,.,.,.,2,.,.,.,+,.,.,.,.,.,.,.,.,.,.,.,.,.,.
,,,,,,,,,,,,,,,,,,,,,,,,,Calamintha nepeta (L.) Savi subsp. nepeta [sub],1,+,1,.,.,.,1,2,.,.,.,,,,,,a,Lonicera implexa Aiton,.,+,+,.,.,1,.,.,.,.,.,.,.,.,.,.,.,.,.,.,2,2,+,(+),1,.,1
,,,,,,,,,,,,,,,,,,,,,,,,,Umbilicus rupestris (Salisb.) Dandy in Ridd. & al.,+,+,1,+,+,1,.,.,+,.,.,,,,,,a,Lonicera periclymenum L.,.,.,.,+,.,.,.,.,.,.,.,.,.,.,.,.,.,.,.,.,.,.,.,.,.,.,.
,,,,,,,,,,,,,,,,,,,,,,,,,Lonicera periclymenum L. subsp. hispanica (Boiss. & Reut.) Nyman [sub],.,.,.,.,.,.,+,2,.,.,.,,,,,,a,Lonicera periclymenum L. subsp. hispanica (Boiss. & Reut.) Nyman,.,.,.,.,.,.,.,.,.,.,.,.,.,.,.,.,.,+,.,.,2,.,.,.,.,.,.
,,,,,,,,,,,,,,,,,,,,,,,,,Thapsia villosa L.,.,.,.,+,.,+,.,.,.,.,.,,,,,,h,Lotus parviflorus Desf.,.,.,.,.,.,.,r,.,.,.,.,.,.,.,.,.,.,.,.,.,.,.,.,.,.,.,.
,,,,,,,,,,,,,,,,,,,,,,,,,Rubus ulmifolius Schott,.,.,.,.,.,.,+,+,.,.,.,,,,,,h,Magydaris panacifolia (Vahl) Lange in Willk. & Lange,.,.,.,.,.,.,.,.,.,.,.,.,.,.,.,.,.,.,.,.,.,.,+,.,.,.,+
,,,,,,,,,,,,,,,,,,,,,,,,,Aristolochia paucinervis Pomel,+,+,.,.,.,+,.,+,+,+,.,,,,,,h,Malva hispanica L.,.,.,.,.,.,.,r,.,.,.,.,.,.,.,.,.,.,.,.,.,.,.,.,.,.,.,.
,,,,,,,,,,,,,,,,,,,,,,,,,Geranium purpureum Vill.,.,.,.,1,.,+,.,.,.,.,.,,,,,,h,Melica minuta L.,.,.,.,.,.,r,.,.,.,.,.,.,.,.,.,.,.,.,.,.,.,.,(+),.,.,.,.
,,,,,,,,,,,,,,,,,,,,,,,,,Brachypodium sylvaticum (Huds.) P. Beauv.,.,.,.,.,.,.,.,.,.,.,.,,,,,,h,Mercurialis annua L.,.,1,.,.,.,.,.,.,.,.,.,.,.,.,.,.,.,.,.,.,.,.,.,.,.,.,.
,,,,,,,,,,,,,,,,,,,,,,,,,Origanum virens Hoffmanns. & Link,+,1,+,.,.,.,.,.,+,+,.,,,,,,a,Micromeria graeca (L.) Rchb.,.,.,.,.,.,r,.,.,.,.,.,.,.,.,.,.,.,.,.,.,.,.,.,.,.,.,.
,,,,,,,,,,,,,,,,,,,,,,,,,Pteridium aquilinum (L.) Kuhn in Kerst.,.,.,.,.,.,.,.,.,.,.,.,,,,,,a,Myrtus communis L.,.,+,.,.,.,.,.,.,.,.,.,.,.,.,.,.,.,.,.,.,.,.,+,(+),3,2,1
,,,,,,,,,,,,,,,,,,,,,,,,,Dactylis glomerata L. subsp. lusitanica Stebbins & Zohary [sub],+,1,+,.,.,+,.,.,.,.,.,,,,,,h,Narcissus papyraceus Ker. Gawl. [sub],.,.,.,.,.,r,.,.,.,.,.,.,.,.,.,.,.,.,.,.,.,.,.,.,.,.,.
,,,,,,,,,,,,,,,,,,,,,,,,,Sedum forsterianum Sm. in Sowerby [sub],.,.,.,.,.,.,.,.,.,.,.,,,,,,A,Olea europaea L.,.,.,.,.,.,(+),.,.,.,.,.,.,.,.,.,.,.,.,.,.,.,.,.,.,.,.,.
,,,,,,,,,,,,,,,,,,,,,,,,,Vicia angustifolia L. [sub],+,1,.,.,.,.,.,.,.,.,.,,,,,,a,Olea europaea L.,.,.,.,.,.,.,2,.,.,.,.,.,.,.,.,1,.,.,.,.,.,.,.,.,.,.,.
,,,,,,,,,,,,,,,,,,,,,,,,,Genista hirsuta Vahl,1,+,.,1,+,.,.,.,+,.,.,,,,,,A,Olea europaea L. subsp. sylvestris (Mill.) Hegi [sub],.,.,2,+,.,.,.,1,.,2,+,+,+,.,.,.,.,.,.,.,.,.,1,2,(+),1,1
,,,,,,,,,,,,,,,,,,,,,,,,,Hedera canariensis Willd.,.,.,.,.,.,.,.,.,.,.,.,,,,,,a,Olea europaea L. subsp. sylvestris (Mill.) Hegi [sub],.,.,.,.,(+),.,.,3,.,2,.,.,.,.,.,.,.,1,1,.,.,.,+,2,+,4,2
,,,,,,,,,,,,,,,,,,,,,,,,,Vinca difformis Pourr.,.,.,.,.,.,.,.,.,.,.,.,,,,,,h,Ophrys tenthredinifera Willd.,.,.,.,.,.,.,.,(+),.,.,.,.,.,.,.,.,.,.,.,.,.,.,.,.,.,.,.
,,,,,,,,,,,,,,,,,,,,,,,,,Cistus salviifolius L. [sub],.,.,.,.,.,.,.,+,.,.,.,,,,,,h,Orchis mascula (L.) L.,.,.,.,.,.,.,.,.,.,.,.,.,.,.,.,.,.,+,.,.,.,.,.,.,.,.,.
,,,,,,,,,,,,,,,,,,,,,,,,,Bryonia dioica Jacq.,.,.,.,.,.,+,.,.,.,.,.,,,,,,a,Origanum virens Hoffmanns. & Link,.,.,+,.,.,.,.,.,.,.,.,.,.,.,.,.,.,.,.,.,.,.,.,.,.,.,.
,,,,,,,,,,,,,,,,,,,,,,,,,Clinopodium vulgare L. subsp. arundanum (Boiss.) Nyman [sub],.,.,.,.,.,.,.,.,.,.,.,,,,,,h,Origanum sp.,+,.,.,.,.,.,.,.,.,.,.,.,.,.,.,.,.,.,.,.,.,.,.,.,.,.,.
,,,,,,,,,,,,,,,,,,,,,,,,,Pulicaria odora (L.) Rchb.,.,.,.,.,.,.,.,.,.,.,.,,,,,,h,Ornithogalum narbonense L.,.,.,.,.,.,.,.,.,.,+,.,.,.,.,.,.,.,.,.,.,.,.,.,.,.,.,.
,,,,,,,,,,,,,,,,,,,,,,,,,Phagnalon saxatile (L.) Cass.,.,.,.,.,.,.,.,.,.,.,.,,,,,,h,Ornithogalum orthophyllum Ten. subsp. baeticum (Boiss.) Zahar. [sub],.,.,.,.,.,.,.,+,.,.,.,.,.,.,.,.,.,.,.,.,.,.,.,.,.,.,.
,,,,,,,,,,,,,,,,,,,,,,,,,Ferula communis L.,+,.,.,.,.,.,.,.,.,.,.,,,,,,h,Orobanche sp.,.,.,.,.,(+),.,.,.,.,.,.,.,.,.,.,.,.,.,.,.,.,.,.,.,.,.,.
,,,,,,,,,,,,,,,,,,,,,,,,,Polypodium cambricum L.,.,.,.,.,.,.,.,.,.,.,.,,,,,,a,Osyris alba L.,1,+,1,1,.,.,.,.,.,+,.,.,1,.,.,.,.,+,.,.,.,.,.,.,1,.,+
,,,,,,,,,,,,,,,,,,,,,,,,,Arum italicum Mill.,.,.,.,.,.,.,.,+,+,1,.,,,,,,a,Osyris quadripartita Salzm. ex Decne. [sub],.,.,.,.,.,.,.,.,.,.,.,.,.,.,.,.,.,2,.,+,.,.,.,.,.,.,.
,,,,,,,,,,,,,,,,,,,,,,,,,Asphodelus ramosus L.,.,.,.,.,.,.,.,.,.,.,.,,,,,,h,Phagnalon saxatile (L.) Cass.,.,.,.,.,.,r,.,.,.,.,.,.,.,.,.,.,.,.,.,.,.,.,.,.,.,.,.
,,,,,,,,,,,,,,,,,,,,,,,,,Dianthus lusitanus Brot. [sub],+,.,.,.,.,.,.,.,.,.,.,,,,,,a,Phagnalon saxatile (L.) Cass.,.,.,.,.,.,.,.,.,.,.,.,.,.,.,.,.,.,.,.,.,.,.,+,.,.,.,.
,,,,,,,,,,,,,,,,,,,,,,,,,Vicia angustifolia L. [sub],.,.,.,.,.,.,.,.,.,.,.,,,,,,a,Phillyrea angustifolia L.,.,.,.,.,2,(+),(+),.,.,.,.,.,.,+,.,(+),.,.,.,.,.,.,+,r,+,.,.
,,,,,,,,,,,,,,,,,,,,,,,,,Lathyrus angulatus L.,.,.,.,.,.,.,.,.,.,.,.,,,,,,a,Phillyrea latifolia L.,1,.,1,.,+,.,.,.,.,.,.,.,1,.,2,.,1,.,.,.,.,.,.,.,.,.,.
,,,,,,,,,,,,,,,,,,,,,,,,,Hypericum perforatum L.,.,.,.,.,.,.,.,.,.,.,.,,,,,,a,Phlomis purpurea L.,.,.,.,+,2,1,1,(+),.,+,1,2,.,.,.,1,1,.,.,.,2,1,+,+,+,+,+
,,,,,,,,,,,,,,,,,,,,,,,,,Dactylis glomerata L. subsp. hispanica (Roth) Nyman [sub],.,.,.,.,.,.,.,.,.,.,.,,,,,,a,Phlomis purpurea L. [sub],.,.,.,.,.,.,.,.,.,.,.,.,.,.,.,.,.,2,3,1,.,.,.,.,.,.,.
,,,,,,,,,,,,,,,,,,,,,,,,,Bituminaria bituminosa (L.) C.H. Stirt. [sub],.,.,.,.,.,.,+,+,.,+,+,,,,,,a,Phonus arborescens (L.) G. López,.,.,.,.,.,.,.,.,.,.,.,.,.,.,.,.,.,.,1,.,.,.,.,.,.,.,.
,,,,,,,,,,,,,,,,,,,,,,,,,Epipactis tremolsii Pau,.,.,.,.,.,.,.,.,.,.,.,,,,,,A,Pinus halepensis Mill.,+,.,.,.,.,.,.,.,.,.,.,.,.,2,.,.,.,.,.,.,.,.,.,.,.,.,.
,,,,,,,,,,,,,,,,,,,,,,,,,Genista triacanthos Brot.,.,.,.,.,.,.,.,.,.,.,.,,,,,,A,Pinus pinaster Aiton,.,.,.,.,.,.,.,.,.,.,.,.,.,1,.,.,.,.,.,.,.,.,.,.,.,.,.
,,,,,,,,,,,,,,,,,,,,,,,,,Saxifraga granulata L.,.,.,.,.,.,.,.,.,.,.,.,,,,,,h,Piptatherum miliaceum (L.) Coss.,.,.,.,.,.,.,.,.,.,.,.,.,.,.,.,.,.,+,.,.,.,.,.,.,.,.,.
,,,,,,,,,,,,,,,,,,,,,,,,,Lathyrus sylvestris L.,.,.,.,.,.,.,.,+,.,.,.,,,,,,a,Pistacia lentiscus L.,2,+,3,+,2,3,3,1,.,.,+,3,3,2,.,3,3,.,.,.,1,.,2,2,3,2,3
,,,,,,,,,,,,,,,,,,,,,,,,,Cardamine hirsuta L.,.,.,.,.,.,.,+,.,.,+,.,,,,,,a,Pistacia terebinthus L.,.,.,+,.,.,1,r,1,.,1,.,.,.,.,+,(+),.,.,.,.,.,.,+,.,.,+,.
,,,,,,,,,,,,,,,,,,,,,,,,,Ranunculus ollissiponensis Pers.,.,.,.,.,.,.,.,.,+,.,.,,,,,,h,Plantago afra L.,.,.,.,.,.,.,r,.,.,.,.,.,.,.,.,.,.,.,.,.,.,.,.,.,.,.,.
,,,,,,,,,,,,,,,,,,,,,,,,,Lonicera etrusca G. Santi,.,.,.,.,.,.,.,.,.,.,.,,,,,,h,Polycarpon tetraphyllum (L.) L.,.,.,.,.,.,.,+,.,.,.,.,.,.,.,.,.,.,.,.,.,.,.,.,.,.,.,.
,,,,,,,,,,,,,,,,,,,,,,,,,Agrimonia eupatoria L.,.,.,.,.,.,.,.,.,.,.,.,,,,,,A,Prunus dulcis (Mill.) D.A. Webb,.,.,.,.,.,.,.,.,.,.,.,.,.,.,.,.,.,2,.,.,.,.,.,.,.,.,.
,,,,,,,,,,,,,,,,,,,,,,,,,Margotia gummifera (Desf.) Lange in Willk. & Lange [sub],.,.,.,.,.,.,.,.,.,.,.,,,,,,h,Ptilostemon hispanicus (Lam.) Greuter,.,.,.,.,.,.,.,.,.,.,.,.,.,.,+,.,.,.,.,.,.,.,.,.,.,.,.
,,,,,,,,,,,,,,,,,,,,,,,,,Cephalanthera longifolia (L.) Fritsch,.,.,.,.,.,.,.,.,.,.,.,,,,,,h,Pulicaria odora (L.) Rchb.,.,.,.,.,.,.,.,.,.,.,.,.,.,.,.,.,.,.,.,.,2,.,.,.,.,.,.
,,,,,,,,,,,,,,,,,,,,,,,,m,Homalothecium sp.,.,.,.,.,.,.,.,.,.,.,.,,,,,,a,Quercus coccifera L.,.,+,.,1,.,2,(+),+,.,3,+,.,.,.,1,.,2,2,.,.,.,.,1,.,1,.,2
,,,,,,,,,,,,,,,,,,,,,,,,,Rosmarinus officinalis L.,.,.,.,.,.,.,.,.,.,.,.,,,,,,A,Quercus faginea Lam.,5,.,2,+,.,.,.,.,.,.,.,+,.,.,.,.,.,.,.,.,.,.,.,.,.,.,.
,,,,,,,,,,,,,,,,,,,,,,,,,Anogramma leptophylla (L.) Link,.,.,.,.,.,.,.,.,.,.,.,,,,,,a,Quercus rotundifolia Lam. [sub],.,.,.,.,.,.,.,2,.,.,.,.,.,.,.,.,.,.,2,.,.,.,1,2,2,2,1
,,,,,,,,,,,,,,,,,,,,,,,,,Aristolochia pistolochia L.,.,.,.,.,.,.,.,.,.,.,.,,,,,,A,Quercus rotundifolia Lam. [sub],.,5,+,4,4,3,4,3,.,4,.,.,.,1,4,3,4,2,.,+,5,4,4,3,4,3,4
,,,,,,,,,,,,,,,,,,,,,,,,,Geranium sanguineum L.,.,.,.,.,.,.,.,.,+,.,.,,,,,,A,Quercus rotundifolia Lam.,.,.,.,.,.,.,.,.,3,.,4,4,4,.,.,.,.,.,.,.,.,.,.,.,.,.,.
,,,,,,,,,,,,,,,,,,,,,,,,,Hyparrhenia hirta (L.) Stapf in Prain subsp. pubescens (Vis.) Paunero [sub],.,.,.,.,.,.,.,.,.,.,+,,,,,,A,Quercus suber L.,.,.,.,.,.,.,.,.,.,+,.,.,.,.,.,.,.,.,.,.,.,2,.,.,.,.,.
,,,,,,,,,,,,,,,,,,,,,,,,,Prunus spinosa L.,.,.,.,.,.,.,.,.,.,.,.,,,,,,h,Ranunculus bullatus L.,.,.,1,.,.,.,.,.,.,.,.,.,.,.,.,.,.,.,.,.,.,.,.,.,.,.,.
,,,,,,,,,,,,,,,,,,,,,,,,,Celtis australis L.,.,.,.,.,.,.,.,.,.,.,.,,,,,,a,Retama sphaerocarpa (L.) Boiss.,.,.,.,.,.,(+),.,+,.,.,.,.,.,.,.,.,.,.,.,.,.,.,.,.,.,.,.
,,,,,,,,,,,,,,,,,,,,,,,,,Iris foetidissima L.,.,.,.,.,.,.,.,.,.,.,.,,,,,,a,Rhamnus alaternus L.,1,2,.,1,.,r,(+),.,.,.,1,+,.,.,.,.,.,.,.,.,1,1,+,.,+,+,+
,,,,,,,,,,,,,,,,,,,,,,,,,Calluna vulgaris (L.) Hull,.,.,.,.,.,.,.,.,.,.,.,,,,,,h,Rhamnus alaternus L.,.,.,.,.,.,.,.,.,.,.,.,.,.,.,.,+,.,.,.,.,.,.,.,.,.,.,.
,,,,,,,,,,,,,,,,,,,,,,,,,Bellis perennis L.,.,.,.,.,.,.,.,.,.,.,.,,,,,,a,Rhamnus alaternus L. subsp. alaternus,.,.,.,.,.,.,.,.,.,.,.,.,.,.,.,.,.,2,.,.,.,.,.,.,.,.,.
,,,,,,,,,,,,,,,,,,,,,,,,,Campanula rapunculus L.,.,.,.,.,.,.,.,.,.,.,.,,,,,,a,Rhamnus lycioides L. subsp. lycioides,.,.,.,.,.,.,.,.,.,.,.,.,.,.,.,.,.,2,2,.,.,.,.,.,.,.,.
,,,,,,,,,,,,,,,,,,,,,,,,,Oeosporangium acrosticum (Balb.) L. Sáez & P. Aymerich [sub],.,.,.,.,.,.,.,.,.,.,.,,,,,,a,Rhamnus lycioides L. subsp. oleoides (L.) Maire in Jahand. & Maire,.,1,+,.,(+),1,r,3,.,2,+,.,+,1,2,.,.,.,.,4,.,.,(+),.,.,.,+
,,,,,,,,,,,,,,,,,,,,,,,,,Cytisus striatus (Hill) Rothm. [sub],.,.,.,.,.,.,.,.,.,.,.,,,,,,a,Rhamnus lycioides L. subsp. oleoides (L.) Maire in Jahand. & Maire [sub],.,.,.,.,.,.,.,.,.,.,.,.,.,.,.,.,2,.,.,.,.,.,.,.,.,.,.
,,,,,,,,,,,,,,,,,,,,,,,,,Luzula campestris (L.) DC.,.,.,.,.,.,.,.,.,.,.,.,,,,,,a,Rosa canina L.,.,.,.,.,.,.,.,.,.,.,.,.,.,.,.,.,.,.,.,.,.,.,.,.,.,.,+
,,,,,,,,,,,,,,,,,,,,,,,,,Ornithogalum orthophyllum Ten. subsp. baeticum (Boiss.) Zahar. [sub],.,.,.,.,.,.,.,.,.,.,.,,,,,,a,Rosa pouzinii Tratt.,.,.,.,.,.,.,.,.,.,.,.,.,.,.,.,.,.,1,.,.,.,.,.,.,.,.,.
,,,,,,,,,,,,,,,,,,,,,,,,,Medicago arabica (L.) Huds.,+,.,.,.,.,.,.,.,.,.,.,,,,,,a,Rosmarinus officinalis L.,.,.,.,.,.,r,.,.,.,.,.,.,.,2,2,r,.,.,.,.,.,.,.,.,.,.,.
,,,,,,,,,,,,,,,,,,,,,,,,,Sanguisorba verrucosa (Link ex G. Don) Ces.,.,.,.,.,.,.,.,.,.,.,.,,,,,,h,Rubia peregrina L.,1,1,+,+,+,.,.,.,1,.,1,.,2,.,.,.,.,.,.,.,.,.,.,.,.,.,.
,,,,,,,,,,,,,,,,,,,,,,,,,Smyrnium olusatrum L.,.,.,.,.,.,.,.,.,.,.,.,,,,,,a,Rubia peregrina L.,.,.,.,.,.,.,r,.,.,.,.,.,.,.,1,.,.,1,+,.,2,2,+,.,+,+,1
,,,,,,,,,,,,,,,,,,,,,,,,,Adenocarpus telonensis (Loisel.) DC. in Lam. & DC.,.,.,.,.,.,.,.,.,.,.,.,,,,,,a,Rubia peregrina L. subsp. agostinhoi (Dans. & Silva) Valdés-Bermejo & López,.,.,.,.,.,.,.,.,+,.,.,.,.,.,.,.,.,.,.,.,.,.,.,.,.,.,.
,,,,,,,,,,,,,,,,,,,,,,,,,Carex divulsa Stokes in With.,.,.,.,.,.,.,.,.,.,.,.,,,,,,h,Rubia peregrina L. [sub],.,.,.,.,.,.,.,.,.,.,.,.,.,.,.,.,+,.,.,.,.,.,.,.,.,.,.
,,,,,,,,,,,,,,,,,,,,,,,,,Alium neapolitanum,.,.,.,.,.,.,.,.,.,.,.,,,,,,a,Rubus ulmifolius Schott,.,.,.,.,.,.,.,.,.,.,.,.,.,.,.,.,.,+,.,.,.,.,.,.,+,.,+
,,,,,,,,,,,,,,,,,,,,,,,,,Fraxinus angustifolia Vahl,.,.,.,.,.,.,.,.,.,.,.,,,,,,a,Ruscus aculeatus L.,.,.,.,.,.,.,.,.,.,.,.,.,.,.,.,.,.,.,.,.,.,.,.,.,+,.,.
,,,,,,,,,,,,,,,,,,,,,,,,,Cistus psilosepalus Sweet,.,.,.,.,.,.,.,.,.,.,.,,,,,,h,Ruscus aculeatus L.,1,.,2,.,.,.,.,.,.,.,.,.,.,.,.,.,.,.,.,.,.,.,.,.,.,.,.
,,,,,,,,,,,,,,,,,,,,,,,,,Cosentinia vellea (Aiton) Tod.,.,.,.,.,.,.,.,.,.,.,.,,,,,,a,Ruta angustifolia Pers.,.,.,.,.,.,r,.,.,.,.,.,.,.,.,.,.,.,.,.,.,.,.,.,.,.,.,.
,,,,,,,,,,,,,,,,,,,,,,,,,Rumex papillaris Boiss. & Reut.,.,.,.,.,.,.,.,.,.,.,.,,,,,,h,Ruta chalepensis L.,.,.,.,.,.,.,.,.,.,.,.,.,.,.,.,.,+,.,.,.,.,.,.,.,.,.,.
,,,,,,,,,,,,,,,,,,,,,,,,,Dorycnopsis gerardii,.,.,.,.,.,.,.,.,.,.,.,,,,,,a,Ruta montana (L.) L.,.,.,.,.,.,(+),.,1,.,.,.,.,.,.,.,.,.,.,.,.,.,.,.,.,.,.,.
,,,,,,,,,,,,,,,,,,,,,,,,,Anthiriscus caucaulis,.,.,.,.,.,.,.,.,.,.,.,,,,,,a,Salsola genistoides Juss. ex Poir. in Lam.,.,.,.,.,.,.,.,.,.,.,.,.,.,.,.,.,.,.,.,1,.,.,.,.,.,.,.
,,,,,,,,,,,,,,,,,,,,,,,,,Anthyllis vulneraria L.,.,.,.,.,.,.,.,.,.,.,.,,,,,,h,Sanguisorba minor Scop.,.,.,.,.,.,r,r,.,.,.,.,.,.,.,.,.,.,.,.,.,.,.,+,+,+,.,.
,,,,,,,,,,,,,,,,,,,,,,,,,Cirsium filipendulum Lange,.,.,.,.,.,.,.,.,.,.,.,,,,,,a,Satureja sp.,.,.,.,.,.,.,.,.,.,+,.,.,.,.,.,.,.,.,.,.,.,.,.,.,.,.,.
,,,,,,,,,,,,,,,,,,,,,,,,,Cynosurus echinatus L.,.,.,.,.,.,.,.,.,.,.,.,,,,,,a,Scrophularia canina L. subsp. canina,.,.,.,.,.,.,.,.,.,.,.,.,.,.,.,.,.,+,.,.,.,.,.,.,.,.,.
,,,,,,,,,,,,,,,,,,,,,,,,,Geranium lucidum L.,.,.,.,.,.,.,.,.,.,.,.,,,,,,h,Sedum dasyphyllum L. [sub],.,.,.,.,.,.,.,.,.,.,.,.,.,.,.,.,.,+,.,.,.,.,.,.,.,.,.
,,,,,,,,,,,,,,,,,,,,,,,,,¿ Hyacinthoides non-scripta (L.) Chouard ex Rothm. [sub],.,.,.,.,.,.,.,.,.,.,.,,,,,,h,Sedum sediforme (Jacq.) Pau,.,.,.,.,.,.,.,.,.,.,.,.,.,.,.,.,.,+,.,.,.,.,.,.,.,.,.
,,,,,,,,,,,,,,,,,,,,,,,,,Lathyrus setifolius L. [sub],.,.,.,.,.,.,.,.,.,.,.,,,,,,h,Selaginella denticulata (L.) Spring,.,.,.,.,.,.,.,.,.,.,.,.,.,.,.,.,.,.,.,.,.,.,1,1,2,.,1
,,,,,,,,,,,,,,,,,,,,,,,,,Polygala monspeliaca L.,.,.,.,.,.,.,.,.,.,.,.,,,,,,h,Serratula sp.,.,.,.,.,.,.,.,.,.,.,.,.,.,.,.,.,.,+,.,.,.,.,.,.,.,.,.
,,,,,,,,,,,,,,,,,,,,,,,,,Rhagadiolus stellatus (L.) Gaertn.,.,.,.,.,.,.,.,.,.,.,.,,,,,,a,Sideritis hirsuta L.,.,.,.,.,.,.,.,.,.,.,.,.,.,.,.,.,.,.,.,1,.,.,.,.,.,.,.
,,,,,,,,,,,,,,,,,,,,,,,,,Rosa canina L.,.,.,.,.,.,.,.,.,.,.,.,,,,,,a,Sideritis lasiantha Juss. ex Pers.,.,.,.,.,.,.,.,.,.,.,.,.,.,.,.,.,.,1,.,+,.,.,.,.,.,.,.
,,,,,,,,,,,,,,,,,,,,,,,,,Festuca paniculata (L.) Schinz & Thell. subsp. durandoi (Clauson) Emb. & Maire [sub],.,.,.,.,.,.,.,.,.,.,.,,,,,,h,Silene latifolia Poir.,.,.,.,.,.,.,.,.,.,.,.,.,.,.,.,.,.,.,.,.,.,.,.,.,.,+,.
,,,,,,,,,,,,,,,,,,,,,,,,,Trifolium subterraneum L.,.,.,.,.,.,.,.,.,.,.,.,,,,,,h,Smilax aspera L.,3,3,2,3,.,.,.,.,2,1,1,2,1,.,.,.,.,.,.,.,.,.,.,.,.,.,.
,,,,,,,,,,,,,,,,,,,,,,,,,,,,,,,,,,,,,,,,,,a,Smilax aspera L.,.,.,.,.,.,.,.,.,.,.,.,.,.,.,.,.,.,4,.,.,.,.,(+),.,1,.,1
,,,,,,,,,,,,,,,,,,,,,,,,,,,,,,,,,,,,,,,,,,h,Smilax aspera L.,.,.,.,.,.,.,.,.,.,.,.,.,.,.,.,.,1,.,.,.,.,.,.,.,.,.,.
,,,,,,,,,,,,,,,,,,,,,,,,,,,,,,,,,,,,,,,,,,h,Stachys germanica L. [sub],.,.,.,.,.,.,.,1,.,.,.,.,.,.,.,.,.,.,.,.,.,.,.,.,.,.,.
,,,,,,,,,,,,,,,,,,,,,,,,,,,,,,,,,,,,,,,,,,a,Staehelina dubia L.,.,.,.,.,.,.,.,.,.,.,.,.,.,.,.,.,+,.,.,.,.,.,.,.,.,.,.
,,,,,,,,,,,,,,,,,,,,,,,,,,,,,,,,,,,,,,,,,,h,Staehelina dubia L.,.,.,.,.,.,.,.,.,.,.,.,.,.,+,.,.,.,.,.,.,.,.,.,.,.,.,.
,,,,,,,,,,,,,,,,,,,,,,,,,,,,,,,,,,,,,,,,,,h,Macrochloa tenacissima (L.) Kunth [sub],.,.,.,.,.,.,.,.,.,.,.,.,.,1,.,.,.,+,.,.,.,.,.,.,.,.,.
,,,,,,,,,,,,,,,,,,,,,,,,,,,,,,,,,,,,,,,,,,a,Tamus communis L.,.,.,.,.,.,.,.,.,.,.,.,.,.,.,.,.,.,.,.,.,.,.,+,.,.,+,+
,,,,,,,,,,,,,,,,,,,,,,,,,,,,,,,,,,,,,,,,,,h,Tamus communis L.,.,.,.,.,.,r,(+),+,.,.,2,.,2,.,.,r,.,.,.,.,.,.,.,.,.,.,.
,,,,,,,,,,,,,,,,,,,,,,,,,,,,,,,,,,,,,,,,,,a,Teucrium eriocephalum Willk. subsp. almeriense (C.E. Hubb. & Sandwith) T. Navarro & Rosúa [sub],.,.,.,.,.,.,.,.,.,.,.,.,.,.,.,.,.,.,.,+,.,.,.,.,.,.,.
,,,,,,,,,,,,,,,,,,,,,,,,,,,,,,,,,,,,,,,,,,a,Teucrium fruticans L.,.,+,.,.,+,2,.,.,.,.,.,.,.,.,.,.,.,.,.,.,.,.,.,.,+,.,+
,,,,,,,,,,,,,,,,,,,,,,,,,,,,,,,,,,,,,,,,,,a,Teucrium hieronymi Sennen,.,.,.,.,.,.,.,.,.,.,.,.,.,.,.,.,.,.,1,.,.,.,.,.,.,.,.
,,,,,,,,,,,,,,,,,,,,,,,,,,,,,,,,,,,,,,,,,,h,Teucrium lusitanicum Schreb.,.,.,.,.,.,.,.,.,.,.,.,.,.,.,.,.,+,.,.,.,.,.,.,.,.,.,.
,,,,,,,,,,,,,,,,,,,,,,,,,,,,,,,,,,,,,,,,,,a,Teucrium pseudochamaepitys L.,.,.,.,.,.,.,r,.,.,.,.,.,.,.,.,r,.,.,.,.,.,.,.,.,.,.,.
,,,,,,,,,,,,,,,,,,,,,,,,,,,,,,,,,,,,,,,,,,h,Teucrium pseudochamaepitys L.,.,.,.,.,.,.,.,.,.,.,.,.,.,.,.,.,.,+,.,.,.,.,.,.,.,.,.
,,,,,,,,,,,,,,,,,,,,,,,,,,,,,,,,,,,,,,,,,,h,Thapsia villosa L.,.,.,.,.,.,.,+,1,.,.,.,.,.,.,.,.,.,1,1,.,.,.,.,.,.,.,.
,,,,,,,,,,,,,,,,,,,,,,,,,,,,,,,,,,,,,,,,,,a,Thymus baeticus Boiss. ex Lacaita,.,.,.,.,.,.,.,.,.,.,.,.,.,.,.,.,.,.,1,.,.,.,.,.,.,.,.
,,,,,,,,,,,,,,,,,,,,,,,,,,,,,,,,,,,,,,,,,,a,Thymus hyemalis Lange subsp. hyemalis,.,.,.,.,.,.,.,.,.,.,.,.,.,.,.,.,.,+,.,2,.,.,.,.,.,.,.
,,,,,,,,,,,,,,,,,,,,,,,,,,,,,,,,,,,,,,,,,,a,Thymus mastichina L.,.,.,.,.,.,.,.,.,.,.,.,.,+,.,.,.,.,.,.,.,.,.,.,.,.,.,.
,,,,,,,,,,,,,,,,,,,,,,,,,,,,,,,,,,,,,,,,,,h,Torilis arvensis (Huds.) Link,.,.,.,.,.,.,(+),.,.,.,.,.,.,.,.,r,.,.,.,.,.,.,.,.,.,.,.
,,,,,,,,,,,,,,,,,,,,,,,,,,,,,,,,,,,,,,,,,,h,Trifolium arvense L.,.,.,.,.,.,.,.,.,.,.,.,.,.,.,.,r,.,.,.,.,.,.,.,.,.,.,.
,,,,,,,,,,,,,,,,,,,,,,,,,,,,,,,,,,,,,,,,,,h,Trifolium campestre Schreb. in Sturm,.,.,.,.,.,.,r,.,.,.,.,.,.,.,.,r,.,.,.,.,.,.,.,.,.,.,.
,,,,,,,,,,,,,,,,,,,,,,,,,,,,,,,,,,,,,,,,,,h,Trifolium scabrum L.,.,.,.,.,.,.,r,.,.,.,.,.,.,.,.,.,.,.,.,.,.,.,.,.,.,.,.
,,,,,,,,,,,,,,,,,,,,,,,,,,,,,,,,,,,,,,,,,,h,Tuberaria guttata (L.) Fourr.,.,.,.,.,.,r,r,.,.,.,.,.,.,.,.,r,.,.,.,.,.,.,.,.,.,.,.
,,,,,,,,,,,,,,,,,,,,,,,,,,,,,,,,,,,,,,,,,,a,Ulex baeticus Boiss.,.,1,.,.,.,.,.,.,.,.,.,.,.,2,2,.,.,.,.,.,.,.,.,.,.,.,.
,,,,,,,,,,,,,,,,,,,,,,,,,,,,,,,,,,,,,,,,,,a,Ulex baeticus Boiss. subsp. scaber (Kunze) Cubas,.,.,.,.,.,.,.,.,.,.,.,1,+,.,.,.,.,.,.,.,.,.,.,.,.,.,.
,,,,,,,,,,,,,,,,,,,,,,,,,,,,,,,,,,,,,,,,,,a,Ulex parviflorus Pourr.,.,.,.,.,2,.,.,.,.,.,3,.,.,.,.,.,.,.,.,.,1,1,.,.,.,.,.
,,,,,,,,,,,,,,,,,,,,,,,,,,,,,,,,,,,,,,,,,,a,Ulex parviflorus Pourr. subsp. parviflorus,.,.,.,.,.,.,.,.,.,.,.,.,.,.,.,.,.,2,1,.,.,.,.,.,.,.,.
,,,,,,,,,,,,,,,,,,,,,,,,,,,,,,,,,,,,,,,,,,h,Urginea fugax (Moris) Steinh. [sub],.,.,.,.,.,.,.,+,.,+,1,.,.,.,.,.,.,+,1,.,.,.,.,.,.,+,+
,,,,,,,,,,,,,,,,,,,,,,,,,,,,,,,,,,,,,,,,,,h,Urtica membranacea Poir. in Lam.,.,.,.,.,.,.,.,.,.,.,.,.,.,.,.,.,.,.,.,.,.,.,.,+,.,.,.
,,,,,,,,,,,,,,,,,,,,,,,,,,,,,,,,,,,,,,,,,,a,Viburnum tinus L.,.,.,+,.,.,.,.,.,.,.,.,.,.,.,.,.,.,.,.,.,.,.,.,.,+,.,.
,,,,,,,,,,,,,,,,,,,,,,,,,,,,,,,,,,,,,,,,,,h,Vinca difformis Pourr.,.,1,1,1,+,.,.,.,.,.,.,.,.,.,.,.,.,.,.,.,.,.,.,.,+,.,.
,,,,,,,,,,,,,,,,,,,,,,,,,,,,,,,,,,,,,,,,,,h,Vulpia myuros (L.) C.C. Gmel.,.,.,.,.,.,.,r,.,.,.,.,.,.,.,.,r,.,.,.,.,.,.,.,.,.,.,.
,,,,,,,,,,,,,,,,,,,,,,,,,,,,,,,,,,,,,,,,,,a,Ziziphus lotus (L.) Lam.,.,.,.,.,.,.,.,.,.,.,.,.,.,.,.,.,.,.,.,+,.,.,.,.,.,.,.